Product,Price,Image,Link,CPU,RAM,Storage,Graphics,Screen,Status,Color,Weight,Battery,Brand
Dell Inspiron 16 5625,13490000,https://images.thinkgroup.vn/unsafe/460x460/https://media-api-beta.thinkpro.vn/media/core/products/2022/7/25/42111_laptop_dell_inspiron_16_5625___3_.jpeg,https://thinkpro.vn/laptop/dell-inspiron-16-5625-5232,"AMD AMD 5000, 6C/12T",8GB DDR4 3200MHz,512GB (M.2 NVMe),AMD Radeon Graphics,"16 inch, 1920 x 1200px, 60Hz","Used, Nhập khẩu",Gray,1.97kg,Battery,DELL
LG Gram 17 2022 (Nhập khẩu),22790000,https://images.thinkgroup.vn/unsafe/460x460/https://media-api-beta.thinkpro.vn/media/core/products/2023/5/26/lg-gram-17-2022-nhap-khau-thinkpro-DRU.jpg,https://thinkpro.vn/laptop/lg-gram-17-2022-nhap-khau-6318,"Intel Core i7 1260P, 12C/16T",16GB LPDDR5 5200MHz,512GB (M.2 NVMe),Intel Iris Xe Graphics,"17 inch, 2560 x 1600px, 60Hz","Used, Nhập khẩu",Shadow Grey,1.35kg,Battery,LG
Dell XPS 13 Plus 9320,27990000,https://images.thinkgroup.vn/unsafe/460x460/https://media-api-beta.thinkpro.vn/media/core/products/2023/5/8/dell-xps-13-plus-9320-thinkpro-UvD.jpg,https://thinkpro.vn/laptop/dell-xps-13-plus-9320-6092,"Intel Core i5 1240P, 12C/16T",16GB LPDDR5 5200MHz,512GB (M.2 NVMe),Intel Iris Xe Graphics,"13.4 inch, 1920 x 1200px, 60Hz","Outlet, Nhập khẩu",Platium Silver,1.26kg,Battery,DELL
Dell Inspiron 14 Plus (7420),21990000,https://images.thinkgroup.vn/unsafe/460x460/https://media-api-beta.thinkpro.vn/media/core/products/2022/10/2/dell-inspiron-14-7420-thinkpro-1.jpg,https://thinkpro.vn/laptop/dell-inspiron-14-plus-7420-6317,"Intel Core i7 12700H, 14C/20T",16GB DDR5 4800MHz,512GB (M.2 NVMe),Intel Iris Xe Graphics,"14 inch, 2240 x 1400px, 60Hz","Used, Nhập khẩu",Dark Teal,1.68kg,Battery,DELL
Dell Latitude 7320 Detachable (Kèm bàn phím),15990000,https://images.thinkgroup.vn/unsafe/460x460/https://media-api-beta.thinkpro.vn/media/core/products/2022/9/6/DELL-Latitude-7320-Detachable-H2.jpeg,https://thinkpro.vn/laptop/dell-latitude-7320-detachable-6870,"Intel Core i5 1140G7, 4C/8T",8GB LPDDR4X 4267MHz,256GB (M.2 NVMe),Intel Iris Xe Graphics,"13 inch, 1920 x 1280px, 60Hz","Used, Nhập khẩu",Đen,1.18kg,Battery,DELL
HP ProBook 440 G8,12390000,https://images.thinkgroup.vn/unsafe/460x460/https://media-api-beta.thinkpro.vn/media/core/products/2022/9/30/hp-probook-440-g8-thinkpro-01.jpg,https://thinkpro.vn/laptop/hp-probook-440-g8-6331,"Intel Core i5 1135G7, 4C/8T",8GB DDR4 3200MHz,256GB (M.2 NVMe),Intel Iris Xe Graphics,"14 inch, 1920 x 1080px, 60Hz","Used, Nhập khẩu",Sliver,1.38kg,Battery,HP
LG Gram 16 2 in 1 2022,25390000,https://images.thinkgroup.vn/unsafe/460x460/https://media-api-beta.thinkpro.vn/media/core/products/2023/3/22/lg-gram-16-2-in-1-2022-thinkpro-1.png,https://thinkpro.vn/laptop/lg-gram-16-2-in-1-2022-6258,"Intel Core i7 1260P, 12C/16T",16GB LPDDR5 5200MHz,512GB (M.2 NVMe),Intel Iris Xe Graphics,"16 inch, 2560 x 1600px, 60Hz","Used, Nhập khẩu",Black,1.48kg,Battery,LG
Lenovo ThinkPad X1 Carbon Gen 11 (Sample Edition),57990000,https://images.thinkgroup.vn/unsafe/460x460/https://media-api-beta.thinkpro.vn/media/core/products/2022/12/23/lenovo-thinkpad-x1-carbon-gen-11-thinkpro-01.png,https://thinkpro.vn/laptop/lenovo-thinkpad-x1-carbon-gen-11-6801,"Intel Core i7 1360P, 12C/16T",16GB LPDDR5 6400MHz,512GB (,Intel Iris Xe Graphics,"14 inch, 2240 x 1400px, 60Hz","Mới, Sealed, Nhập khẩu",Black,1.12kg,Battery,LENOVO
Lenovo ThinkPad X1 Carbon Gen 10,25390000,https://images.thinkgroup.vn/unsafe/460x460/https://media-api-beta.thinkpro.vn/media/core/products/2022/9/30/Lenovo-ThinkPad-X1-Carbon-Gen-10-thinkpro-01.jpeg,https://thinkpro.vn/laptop/lenovo-thinkpad-x1-carbon-gen-10-6833,"Intel Core i5 1235U, 10C/12T",8GB LPDDR5 5200MHz,256GB (M.2 NVMe),Intel Iris Xe Graphics,"14 inch, 1920 x 1200px, 60Hz","Outlet, Nhập khẩu",Black,1.12kg,Battery,LENOVO
Lenovo ThinkBook 14 G5+,24990000,https://images.thinkgroup.vn/unsafe/460x460/https://media-api-beta.thinkpro.vn/media/core/products/2023/4/22/lenovo-thinkbook-14-g5-thinkpro-olk.png,https://thinkpro.vn/laptop/lenovo-thinkbook-14-g5-6465,"Intel Core i5 13500H, 12C/16T",16GB LPDDR5 4800MHz,512GB (M.2 NVMe),Intel Iris Xe Graphics,"14 inch, 2880 x 1800px, 90Hz","Mới, Sealed, Nhập khẩu",Storm Grey,1.4kg,Battery,LENOVO
Lenovo ThinkPad X1 Nano Gen 2,33990000,https://images.thinkgroup.vn/unsafe/460x460/https://media-api-beta.thinkpro.vn/media/core/products/2022/1/15/Lenovo_ThinkPad_X1_Nano_Gen_2.png,https://thinkpro.vn/laptop/lenovo-thinkpad-x1-nano-gen-2-6755,"Intel Core i5 1240P, 12C/16T",16GB LPDDR5 5200MHz,512GB (M.2 NVMe),Intel Iris Xe Graphics,"13 inch, 2160 x 1350px, 60Hz","Outlet, Nhập khẩu",Black,0.97kg,Battery,LENOVO
LG Gram 16 2023 (16ZD90R-G.AX55A5),39990000,https://images.thinkgroup.vn/unsafe/460x460/https://media-api-beta.thinkpro.vn/media/core/products/2023/5/18/lg-gram-16-2023-thinkpro-RAK.jpg,https://thinkpro.vn/laptop/lg-gram-16-2023-6766,"Intel Core i5 1340P, 16C/12T",16GB LPDDR5 6000MHz,512GB (M.2 NVMe),Intel Iris Xe Graphics,"16 inch, 2560 x 1600px, 60Hz","Mới, Full box, Chính hãng",Black,1.199kg,Battery,LG
LG Gram Style 2023 (14Z90RS-G.AH54A5),38990000,https://images.thinkgroup.vn/unsafe/460x460/https://media-api-beta.thinkpro.vn/media/core/products/2023/5/19/lg-gram-style-2023-thinkpro-T8I.jpg,https://thinkpro.vn/laptop/lg-gram-style-2023-6774,"Intel Core i5 1340P, 12C/16T",16GB LPDDR5 6000MHz,512GB (M.2 NVMe),Intel Iris Xe Graphics,"14 inch, 2880 x 1800px, 90Hz","Mới, Full box, Chính hãng",White,0.999kg,Battery,LG
LG Gram 17 2023 (17ZD90R-G.AX73A5),42990000,https://images.thinkgroup.vn/unsafe/460x460/https://media-api-beta.thinkpro.vn/media/core/products/2023/5/19/lg-gram-17-2023-thinkpro-5Bp.jpg,https://thinkpro.vn/laptop/lg-gram-17-2023-6772,"Intel Core i7 1360P, 12C/16T",16GB LPDDR5 6000MHz,256GB (M.2 NVMe),Intel Iris Xe Graphics,"17 inch, 2560 x 1600px, 60Hz","Mới, Full box, Chính hãng",Grey,1.35kg,Battery,LG
LG Gram Ultra Slim 2023 (15Z90RT-G.AH55A5),42990000,https://images.thinkgroup.vn/unsafe/460x460/https://media-api-beta.thinkpro.vn/media/core/products/2023/5/19/lg-gram-15-2023-thinkpro-2Hs.jpg,https://thinkpro.vn/laptop/lg-gram-ultra-slim-2023-6776,"Intel Core i5 1340P, 12C/16T",16GB LPDDR5 6000MHz,512GB (M.2 NVMe),Intel Iris Xe Graphics,"15.6 inch, 1920 x 1080px, 60Hz","Mới, Full box, Chính hãng",Neptune Blue,0.990kg,Battery,LG
GIGABYTE G5 2023 (MF-E2VN333SH),23290000,https://images.thinkgroup.vn/unsafe/460x460/https://media-api-beta.thinkpro.vn/media/core/products/2023/4/18/gigabyte-g5-mf-e2vn333sh-01-thinkpro-6NF.png,https://thinkpro.vn/laptop/gigabyte-g5-2023-6521,"Intel Core i5-12450H, 8C/12T",8GB DDR4 3200MHz,512GB (NVMe),Intel Iris Xe Graphics,"15.6 inch, 1920 x 1080px, 144Hz","Mới, Sealed, Chính hãng",Classic Black,1.9kg,Battery,GIGABYTE
Mặt bàn Taxua - by NiceDesign (Cao Cấp),2990000,https://images.thinkgroup.vn/unsafe/460x460/https://media-api-beta.thinkpro.vn/media/core/products/2023/5/31/mat-ban-taxua-by-nicedesign-cao-cap-thinkpro.png,https://thinkpro.vn/laptop/mat-ban-taxua-by-nicedesign-cao-cap-6850,"Intel Core i5 1135G7, 4C/8T",8GB DDR4 3200MHz,512GB (M.2 NVMe),Intel Iris Xe Graphics,"14 inch, 1920 x 1080px, 60Hz","Mới, Sealed, Chính hãng",Dẻ gai nguyên bản,1.35kg,Battery,MẶT
LG Gram 2in1 2023 (14T90R-G.AH55A5),37990000,https://images.thinkgroup.vn/unsafe/460x460/https://media-api-beta.thinkpro.vn/media/core/products/2023/5/25/lg-gram-2in1-2023-thinkpro.jpg,https://thinkpro.vn/laptop/lg-gram-2in1-2023-6777,"Intel Core i5 1340P, 12C/16T",16GB LPDDR5 5200MHz,512GB (M.2 NVMe),Intel Iris Xe Graphics,"14 inch, 1920 x 1200px, 60Hz","Mới, Full box, Chính hãng",Black,1.25kg,Battery,LG
Dell Gaming G15 5515 Ryzen Edition,19990000,https://images.thinkgroup.vn/unsafe/460x460/https://media-api-beta.thinkpro.vn/backend/uploads/product/avatar/2021/6/16/dellg15-phantomgrey-0jpg,https://thinkpro.vn/laptop/dell-gaming-g15-5515-ryzen-edition-6737,"AMD Ryzen 7 5800H, 8C/16T",16GB DDR4 3200MHz,512GB (,AMD Radeon Graphics,"45092 inch, 1920 x 1080px, 165Hz","Used, Nhập khẩu",Phantom Grey,2.81kg,Battery,DELL
Dell Inspiron 14 5405,12990000,https://images.thinkgroup.vn/unsafe/460x460/https://media-api-beta.thinkpro.vn/media/core/products/2022/10/1/dell-inspiron-14-5405-thinkpro-1.png,https://thinkpro.vn/laptop/dell-inspiron-14-5405-4093,"AMD AMD 4000, 6C/6T",16GB DDR4 3200MHz,512GB (M.2 NVMe),AMD Radeon Graphics,"14 inch, 1920 x 1080px, 60Hz","Used, Nhập khẩu",Platium Silver,1.4kg,Battery,DELL
Lenovo Ideapad 3 15 (AMD),9990000,https://images.thinkgroup.vn/unsafe/460x460/https://media-api-beta.thinkpro.vn/backend/uploads/product/avatar/2021/9/9/lenovo-ideapad-5-15-amdjpg,https://thinkpro.vn/laptop/lenovo-ideapad-3-15-amd-6471,"AMD AMD 3000, 2C/4T",4GB DDR4 2400MHz,256GB (M.2 NVMe),AMD Radeon Graphics,"15.6 inch, 1920 x 1080px, 60Hz","Mới, Full box, Nhập khẩu",Plantium Grey,1.6kg,Battery,LENOVO
Dell Vostro 5620,16990000,https://images.thinkgroup.vn/unsafe/460x460/https://media-api-beta.thinkpro.vn/media/core/products/2023/5/9/dell-vostro-5620-thinkpro.jpg,https://thinkpro.vn/laptop/dell-vostro-5620-6375,"Intel Core i5 1240P, 12C/16T",8GB DDR4 3200MHz,256GB (M.2 NVMe),Intel Iris Xe Graphics,"16 inch, 1920 x 1200px, 60Hz","Mới, Full box, Nhập khẩu",Gray,1.95kg,Battery,DELL
Dell Latitude 14 7400 2 in 1,11990000,https://images.thinkgroup.vn/unsafe/460x460/https://media-api-beta.thinkpro.vn/media/core/products/2022/10/1/dell-latitude-14-7400-2-in-1-thinkpro-1.png,https://thinkpro.vn/laptop/dell-latitude-14-7400-2-in-1-6588,"Intel Core i7 8665U, 4C/8T",8GB LPDDR3 2133MHz,256GB (,Intel Iris Xe Graphics,"14 inch, 1920 x 1080px, 60Hz","Used, Nhập khẩu",Silver,1.36kg,Battery,DELL
Dell XPS 13 9310 2-in-1,22390000,https://images.thinkgroup.vn/unsafe/460x460/https://media-api-beta.thinkpro.vn/backend/uploads/product/avatar/2020/10/3/xps93102-1s_00.jpg,https://thinkpro.vn/laptop/dell-xps-13-9310-2-in-1-6399,"Intel Core i7 1165G7, 4C/8T",16GB LPDDR4X 4266MHz,256GB (M.2 NVMe),Intel Iris Xe Graphics,"13.4 inch, 1920 x 1200px, 60Hz","Used, Nhập khẩu",Silver,1.32kg,Battery,DELL
LG Gram 17 2022 (17Z90Q-G.AH74A5),37990000,https://images.thinkgroup.vn/unsafe/460x460/https://media-api-beta.thinkpro.vn/media/core/products/2022/8/3/LG-Gram-17-2022-ThinkPro-1.jpg,https://thinkpro.vn/laptop/lg-gram-17-2022-4478,"Intel Core i7 1260P, 12C/16T",16GB LPDDR5 5200MHz,512GB (M.2 NVMe),Intel Iris Xe Graphics,"17 inch, 2560 x 1600px, 60Hz","Mới, Full box, Chính hãng",White,1.35kg,Battery,LG
Lenovo Legion Pro 5 2023 (Y9000P),38990000,https://images.thinkgroup.vn/unsafe/460x460/https://media-api-beta.thinkpro.vn/media/core/products/2023/4/12/lenovo-legion-5-pro-2023-thinkpro-1.png,https://thinkpro.vn/laptop/lenovo-legion-pro-5-2023-6654,"AMD Ryzen 7 7745HX, 8C/16T",16GB DDR5 5600MHz,1024GB (M.2 NVMe),AMD Radeon 610M,"16 inch, 2560 x 1600px, 240Hz","Mới, Sealed, Nhập khẩu",Storm Grey,2.5kg,Battery,LENOVO
HP Envy 14 2 in 1 2023,16790000,https://images.thinkgroup.vn/unsafe/460x460/https://media-api-beta.thinkpro.vn/media/core/products/2023/5/16/hp-envy-14-2-in-1-2023-thinkpro-UnQ.jpg,https://thinkpro.vn/laptop/hp-envy-14-2-in-1-2023-6745,"Intel Core i5 1335U, 10C/12T",8GB DDR4 3200MHz,512GB (M.2 NVMe),Intel Iris Xe Graphics,"14 inch, 1920 x 1080px,","Mới, Sealed, Nhập khẩu",Silver,1.81kg,Battery,HP
Lenovo ThinkPad P16,42990000,https://images.thinkgroup.vn/unsafe/460x460/https://media-api-beta.thinkpro.vn/media/core/products/2023/5/17/lenovo-yoga-9i-thinkpro-xoz.jpg,https://thinkpro.vn/laptop/lenovo-yoga-9-6754,"Intel Core i7 12800HX, 16C/24T",32GB DDR5 4800MHz,512GB (M.2 NVMe),Intel Iris Xe Graphics,"16 inch, 1920 x 1200px, 60Hz","Used, Nhập khẩu",Carbon Black,2.95kg,Battery,LENOVO
GIGABYTE G5 2022 (Chính hãng) (ME-51VN263SH),21450000,https://images.thinkgroup.vn/unsafe/460x460/https://media-api-beta.thinkpro.vn/media/core/products/2022/10/20/gigabyte-g5-2022-thinkpro-01.jpg,https://thinkpro.vn/laptop/gigabyte-g5-2022-chinh-hang-6008,"Intel Core i5 12500H, 12C/16T",8GB DDR4 3200MHz,512GB (M.2 NVMe),Intel Iris Xe Graphics,"15.6 inch, 1920 x 1080px, 144Hz","Mới, Full box, Chính hãng",Black,1.9kg,Battery,GIGABYTE
Dell Precision 7670,49990000,https://images.thinkgroup.vn/unsafe/460x460/https://media-api-beta.thinkpro.vn/media/core/products/2023/3/22/dell-precision-7670-thinkpro-thumb.png,https://thinkpro.vn/laptop/dell-precision-7670-5985,"Intel Core i7 12850HX, 16C/24T",32GB DDR5 4800MHz,512GB (M.2 NVMe),Intel Iris Xe Graphics,"16 inch, 1920 x 1200px, 60Hz","Mới, Full box, Nhập khẩu",Xám bạc,2.6kg,Battery,DELL
HP Pavilion 14 x360 2022,12390000,https://images.thinkgroup.vn/unsafe/460x460/https://media-api-beta.thinkpro.vn/media/core/products/2022/11/8/hp-pavilion-14-x360-2022-thinkpro-01.png,https://thinkpro.vn/laptop/hp-pavilion-14-x360-2022-6352,"Intel Core i3 1215U, 6C/8T",8GB DDR4 3200MHz,256GB (M.2 NVMe),Intel UHD Graphics,"14 inch, 1920 x 1080px, 60Hz","Mới, Full box, Nhập khẩu",Space Blue,1.48kg,Battery,HP
Dell Inspiron 15 3520,15990000,https://images.thinkgroup.vn/unsafe/460x460/https://media-api-beta.thinkpro.vn/media/core/products/2022/10/10/dell-insprion-15-3520-thinkpro-10.jpg,https://thinkpro.vn/laptop/dell-inspiron-15-3520-6290,"Intel Core i5 1235U, 10C/12T",16GB DDR4 3200MHz,512GB (M.2 NVMe),Intel Iris Xe Graphics,"15.6 inch, 1920 x 1080px, 60Hz","Mới, Sealed, Nhập khẩu",Carbon Black,1.68kg,Battery,DELL
Dell Gaming G15 5525 (Chính hãng) (P105F009),26690000,https://images.thinkgroup.vn/unsafe/460x460/https://media-api-beta.thinkpro.vn/media/core/products/2022/12/9/laptop-gaming-dell-g15-5525-thinkpro-01.png,https://thinkpro.vn/laptop/dell-gaming-g15-5525-5850,"AMD Ryzen 5 6600H, 6C/12T",8GB DDR5 4800MHz,512GB (NVMe),AMD Radeon Graphics 660M,"15.6 inch, 1920 x 1080px, 120Hz","Mới, Full box, Chính hãng",Xám đen,2.72kg,Battery,DELL
Dell Gaming G15 5520 (Chính hãng) (P105F007),38990000,https://images.thinkgroup.vn/unsafe/460x460/https://media-api-beta.thinkpro.vn/media/core/products/2022/12/9/dell-gaming-g15-5520-thinkpro-01.png,https://thinkpro.vn/laptop/dell-gaming-g15-5520-5851,"Intel Core i7 12700H, 14C/20T",16GB DDR5 4800MHz,512GB (,Intel Iris Xe Graphics,"15.6 inch, 1920 x 1080px, 165Hz","Mới, Full box, Chính hãng",Xám đen,2.67kg,Battery,DELL
Lenovo ThinkBook 13X Gen 2,22990000,https://images.thinkgroup.vn/unsafe/460x460/https://media-api-beta.thinkpro.vn/media/core/products/2022/12/19/lenovo-thinkbook-13x-g2-thinkpro-01.png,https://thinkpro.vn/laptop/lenovo-thinkbook-13x-gen-2-5925,"Intel Core i5 1235U, 10C/12T",16GB LPDDR5 4800MHz,512GB (M.2 NVMe),Intel Iris Xe Graphics,"13.3 inch, 2560 x 1600px, 60Hz","Mới, Sealed, Nhập khẩu",Cloud Grey,1.21kg,Battery,LENOVO
Lenovo IdeaPad 5 Pro 14 ARH5R (XiaoxinPro),18390000,https://images.thinkgroup.vn/unsafe/460x460/https://media-api-beta.thinkpro.vn/media/core/products/2023/6/7/lenovo-ideapad-5-pro-14-arh5r-xiaoxinpro-thinkpro-0Nj.jpg,https://thinkpro.vn/laptop/lenovo-ideapad-5-pro-14-arh5r-xiaoxinpro-6875,"AMD Ryzen 7 6800HS, 8C/16T",16GB LPDDR5 5200MHz,512GB (,Intel Iris Xe Graphics,"14 inch, 2880 × 1800px, 120Hz","Used, Nhập khẩu",Black,1.46kg,Battery,LENOVO
Lenovo ThinkPad X1 Yoga Gen 8,39990000,https://images.thinkgroup.vn/unsafe/460x460/https://media-api-beta.thinkpro.vn/media/core/products/2023/5/18/lenovo-thinkpad-x1-yoga-gen-8-thinkpro-2AG.jpg,https://thinkpro.vn/laptop/lenovo-thinkpad-x1-yoga-gen-8-5951,"Intel Core i5 1340P, 12C/16T",16GB LPDDR5X 6400MHz,512GB (M.2 NVMe),Intel Iris Xe Graphics,"14 inch, 1920 x 1200px, 60Hz","Outlet, Nhập khẩu",Storm Grey,1.38kg,Battery,LENOVO
Lenovo Slim 7 ProX,27990000,https://images.thinkgroup.vn/unsafe/460x460/https://media-api-beta.thinkpro.vn/media/core/products/2022/12/23/yoga-slim-7-prox-14arh7.png,https://thinkpro.vn/laptop/lenovo-slim-7-prox-6150,"AMD Ryzen 9 6900HS, 8C/16T",32GB LPDDR5 6400MHz,1024GB (M.2 NVMe),AMD Radeon 680M,"14.5 inch, 3072 x 1920px, 120Hz","Used, Nhập khẩu",Grey,1.45kg,Battery,LENOVO
Microsoft Surface Laptop 4 15,14990000,https://images.thinkgroup.vn/unsafe/460x460/https://media-api-beta.thinkpro.vn/media/core/products/2023/4/28/microsoft-surface-laptop-4-15-thinkpro-7U3.png,https://thinkpro.vn/laptop/microsoft-surface-laptop-4-15-6648,"AMD Ryzen 7 4980U, 8C/16T",8GB LPDDR4X,256GB (M.2 NVMe),AMD Radeon Graphics,"15 inch, 2496 x 1664px, 60Hz","Outlet, Nhập khẩu",Platium Silver,1.54kg,Battery,MICROSOFT
HP Envy 13 X360 2022,16990000,https://images.thinkgroup.vn/unsafe/460x460/https://media-api-beta.thinkpro.vn/media/core/products/2023/5/31/hp-envy-13-x360-2022-thinkpro-O0F.jpg,https://thinkpro.vn/laptop/hp-envy-13-x360-2022-5990,"Intel Core i7 1255U, 10C/12T",8GB DDR4 3200MHz,512GB (,Intel Iris Xe Graphics,"44998 inch, 1920 x 1080px,","Mới, Full box, Nhập khẩu",Nature Silver,1.33kg,Battery,HP
Lenovo ThinkPad T490,10690000,https://images.thinkgroup.vn/unsafe/460x460/https://media-api-beta.thinkpro.vn/media/core/products/2023/5/31/lenovo-thinkpad-t490-thinkpro-MqF.jpg,https://thinkpro.vn/laptop/lenovo-thinkpad-t490-6456,"Intel Core i5 8265U, 4C/8T",16GB DDR4 2400MHz,256GB (M.2 NVMe),Intel UHD Graphics,"14 inch, 1920 x 1080px, 60Hz","Used, Nhập khẩu",Black,1.45kg,Battery,LENOVO
Lenovo ThinkPad X12 Detachable,27990000,https://images.thinkgroup.vn/unsafe/460x460/https://media-api-beta.thinkpro.vn/media/core/products/2023/3/24/lenovo-thinkpad-x12-thinkpro-1.png,https://thinkpro.vn/laptop/lenovo-thinkpad-x12-detachable-2174,"Intel Core i7 1160G7, 4C/8T",16GB LPDDR4X 4266MHz,256GB (M.2 NVMe),Intel Iris Xe Graphics,"12.3 inch, 1920 x 1280px, 60Hz","Mới, Sealed, Nhập khẩu",Đen,0.76kg,Battery,LENOVO
Lenovo ThinkBook 14P Gen 2,17390000,https://images.thinkgroup.vn/unsafe/460x460/https://media-api-beta.thinkpro.vn/media/core/products/2022/3/23/Lenovo ThinkBook 14P Gen 2 ACH.png,https://thinkpro.vn/laptop/lenovo-thinkbook-14p-gen-2-6744,"AMD Ryzen 7 5800H, 8C/16T",16GB  3200MHz,512GB (M.2 NVMe),Intel Iris Xe Graphics,"14 inch, 2240 x 1400px, 60Hz","Mới, Sealed, Nhập khẩu",Mineral Gray,45017kg,Battery,LENOVO
Lenovo ThinkPad T14 Gen 2 (Intel) (Vỏ kim loại),15990000,https://images.thinkgroup.vn/unsafe/460x460/https://media-api-beta.thinkpro.vn/media/core/products/2023/1/9/lenovo-thinkpad-t14-gen 2-intel-thinkpro-01.png,https://thinkpro.vn/laptop/lenovo-thinkpad-t14-gen-2-intel-6590,"Intel Core i5 1145G7, 4C/8T",16GB DDR4 3200MHz,512GB (,Intel Iris Xe Graphics,"14 inch, 1920 x 1080px, 60Hz","Used, Nhập khẩu",Silver,1.53kg,Battery,LENOVO
Lenovo ThinkBook 14 G4+ (AMD),18990000,https://images.thinkgroup.vn/unsafe/460x460/https://media-api-beta.thinkpro.vn/media/core/products/2022/6/29/ThinkBook-14-G4-111.jpg,https://thinkpro.vn/laptop/lenovo-thinkbook-14-g4-amd-6434,"AMD AMD 6000, 6C/12T",16GB LPDDR5 4800MHz,512GB (M.2 NVMe),AMD Radeon 660M Graphics,"14 inch, 2880 x 1800px, 90Hz","Mới, Full box, Nhập khẩu",Mineral Gray,1.43kg,Battery,LENOVO
Acer Predator Triton 300 SE (2022),28490000,https://images.thinkgroup.vn/unsafe/460x460/https://media-api-beta.thinkpro.vn/media/core/products/2023/5/12/acer-predator-triton-300-se-2022-thinkpro-zXF.jpg,https://thinkpro.vn/laptop/acer-predator-triton-300-se-2022-6735,"Intel Core i7 12700H, 14C/20T",16GB LPDDR5 4800MHz,512GB (M.2 NVMe),Intel Iris Xe Graphics,"14 inch, 1920 x 1200px, 165Hz","Mới, Sealed, Nhập khẩu",Titanium Gray,1.7kg,Battery,ACER
LG Gram 15 2022,25990000,https://images.thinkgroup.vn/unsafe/460x460/https://media-api-beta.thinkpro.vn/media/core/products/2022/11/15/D_01.jpeg,https://thinkpro.vn/laptop/lg-gram-15-2022-5548,"Intel Core i7 1260P, 8C/12T",16GB LPDDR5 5200MHz,1024GB (NVMe),Intel Iris Xe Graphics,"15.6 inch, 1920 x 1080px, 60Hz","Mới, Full box, Nhập khẩu",Đen,1.15kg,Battery,LG
HP Elitebook 840 G7,13990000,https://images.thinkgroup.vn/unsafe/460x460/https://media-api-beta.thinkpro.vn/media/core/products/2023/6/6/hp-elitebook-840-g7-thinkpro-Tkl.jpg,https://thinkpro.vn/laptop/hp-elitebook-840-g7-195,"Intel Core i7 10610U, 4C/8T",16GB DDR4 2666MHz,512GB (M.2 NVMe),Intel UHD Graphics,"14 inch, 1920 x 1080px, 60Hz","Used, Nhập khẩu",Silver,1.33kg,Battery,HP
Lenovo Yoga Slim 7 (Slim 7 14IAP7),19990000,https://images.thinkgroup.vn/unsafe/460x460/https://media-api-beta.thinkpro.vn/media/core/products/2022/10/3/lenovo-yoga-slim-7-pro-g7-2022-thinkpro-2.jpg,https://thinkpro.vn/laptop/lenovo-yoga-slim-7-5996,"Intel Core i7 1260P, 12C/16T",16GB LPDDR5 4800MHz,1024GB (M.2 NVMe),Intel Iris Xe Graphics,"14 inch, 2560 x 1600px, 90Hz","Outlet, Nhập khẩu",Plantium Silver,1.4kg,Battery,LENOVO
Dell Inspiron 14 7415 2 in 1,13690000,https://images.thinkgroup.vn/unsafe/460x460/https://media-api-beta.thinkpro.vn/backend/uploads/product/avatar/2021/9/19/dell-inspiron-14-7405jpg,https://thinkpro.vn/laptop/dell-inspiron-14-7415-2-in-1-6739,"Intel Core i5 1135G7, 4C/8T",8GB DDR4 3200MHz,(,Intel Iris Xe Graphics,"14 inch, 1920 x 1080px, 60Hz","Used, Nhập khẩu",Dark Grey,1.35kg,Battery,DELL
Dell Inspiron 14 7400 (INS0088956-R0017608-SA),13990000,https://images.thinkgroup.vn/unsafe/460x460/https://media-api-beta.thinkpro.vn/media/core/products/2023/4/1/dell-alienware-x14-thinkpro-01-thinkpro-01.png,https://thinkpro.vn/laptop/dell-alienware-x14-6795,"Intel Core i5 1135G7, 4C/8T",8GB LPDDR4X 4266MHz,256GB (M.2 NVMe),Intel Iris Xe Graphics,"14.5 inch, 2560 x 1600px, 60Hz","Used, Nhập khẩu",Black,1.35kg,Battery,DELL
Lenovo ThinkPad P1 Gen 3 (20TJS07200),26990000,https://images.thinkgroup.vn/unsafe/460x460/https://media-api-beta.thinkpro.vn/media/core/products/2023/3/28/lenovo-thinkpad-p1-gen-3-thinkpro-01.png,https://thinkpro.vn/laptop/lenovo-thinkpad-p1-gen-3-4493,"Intel Core i7 10750H, 6C/12T",16GB DDR4 2933MHz,512GB (M.2 NVMe),Intel UHD Graphics,"15.6 inch, 1920 x 1080px, 60Hz","Used, Nhập khẩu",Black,1.7kg,Battery,LENOVO
Dell Latitude 9420,19990000,https://images.thinkgroup.vn/unsafe/460x460/https://media-api-beta.thinkpro.vn/media/core/products/2023/6/1/dell-latitude-9420-thinkpro-tN4.jpg,https://thinkpro.vn/laptop/dell-latitude-9420-2414,"Intel Core i7 1185G7, 4C/8T",16GB LPDDR4X 4266MHz,512GB (,Intel Iris Xe Graphics,"14 inch, 1920 x 1200px, 60Hz","Outlet, Nhập khẩu",Silver,1.27kg,Battery,DELL
Dell XPS 15 9510,31990000,https://images.thinkgroup.vn/unsafe/460x460/https://media-api-beta.thinkpro.vn/media/core/products/2022/9/30/dell-xps-13-9370-thinkpro-01.jpg,https://thinkpro.vn/laptop/dell-xps-15-9510-4519,"Intel Core i7 11800H, 8C/16T",16GB DDR4 3200MHz,512GB (M.2 NVMe),Intel UHD Graphics,"15.6 inch, 1920 x 1200px, 60Hz","Used, Nhập khẩu",Sliver,2.04kg,Battery,DELL
Dell Inspiron 13 5320 (Intel Gen 12th),19390000,https://images.thinkgroup.vn/unsafe/460x460/https://media-api-beta.thinkpro.vn/media/core/products/2022/11/21/dell-inspiron-13-5320-thinkpro-01.png,https://thinkpro.vn/laptop/dell-inspiron-13-5320-intel-gen-12th-5485,"Intel Core i5 1240P, 12C/16T",16GB LPDDR5 4800MHz,512GB (M.2 NVMe),Intel Iris Xe Graphics,"13.3 inch, 2560 x 1600px, 60Hz","Mới, Full box, Nhập khẩu",Platium Grey,1.25kg,Battery,DELL
Dell Gaming G15 5525,19990000,https://images.thinkgroup.vn/unsafe/460x460/https://media-api-beta.thinkpro.vn/media/core/products/2022/11/18/2655_f789755420_sp_11492918.jpeg,https://thinkpro.vn/laptop/dell-gaming-g15-5525-6849,"AMD Ryzen 6600H, 6C/12T",8GB DDR5 4800MHz,512GB (M.2 NVMe),AMD Radeon,"15.6 inch, 1920 x 1080px, 120Hz","Mới, Sealed, Nhập khẩu",Shadow Grey,2.72kg,Battery,DELL
Lenovo ThinkPad X13 Gen 3,24990000,https://images.thinkgroup.vn/unsafe/460x460/https://media-api-beta.thinkpro.vn/media/core/products/2022/11/1/lenovo-thinkpad-x13-gen-3-thinkpro-01.png,https://thinkpro.vn/laptop/lenovo-thinkpad-x13-gen-3-6285,"Intel Core i5 1245U, 10C/12T",16GB LPDDR5 4800MHz,256GB (M.2 NVMe),Intel Iris Xe Graphics,"13.3 inch, 1920 x 1200px, 60Hz","Mới, Full box, Nhập khẩu",Black,1.19kg,Battery,LENOVO
Acer Swift 3,12990000,https://images.thinkgroup.vn/unsafe/460x460/https://media-api-beta.thinkpro.vn/media/core/products/2022/6/8/Acer-Swift-3-14-AMD-(Chinh-hang)-(SF314-43-R4X3)-001.jpeg,https://thinkpro.vn/laptop/acer-swift-3-4245,"AMD AMD 5000, 8C/16T",8GB LPDDR4X 4266MHz,512GB (M.2 NVMe),AMD Radeon Graphics,"14 inch, 1920 x 1080px, 60Hz","Outlet, Nhập khẩu",Silver,1.19kg,Battery,ACER
Dell Vostro 7620,24790000,https://images.thinkgroup.vn/unsafe/460x460/https://media-api-beta.thinkpro.vn/media/core/products/2022/11/1/dell-vostro-7620-thinkpro-1.png,https://thinkpro.vn/laptop/dell-vostro-7620-6503,"Intel Core i7 12700H, 14C/20T",8GB DDR5 4800MHz,512GB (M.2 NVMe),Intel Iris Xe Graphics,"16 inch, 1920 x 1080px, 60Hz","Outlet, Nhập khẩu",Shadow Grey,1.96kg,Battery,DELL
Dell Inspiron 15 3525,15990000,https://images.thinkgroup.vn/unsafe/460x460/https://media-api-beta.thinkpro.vn/media/core/products/2022/10/26/dell-inspiron-15-3525-thinkpro-01.jpg,https://thinkpro.vn/laptop/dell-inspiron-15-3525-5405,"AMD AMD 5000, 8C/16T",16GB DDR4 3200MHz,512GB (M.2 NVMe),AMD Radeon Graphics,"15.6 inch, 1920 x 1080px, 60Hz","Outlet, Nhập khẩu",Platium Silver,1.68kg,Battery,DELL
Dell Inspiron 16 Plus 7620,24790000,https://images.thinkgroup.vn/unsafe/460x460/https://media-api-beta.thinkpro.vn/media/core/products/2022/10/26/dell-inspiron-16-7620-thinkpro-01.jpg,https://thinkpro.vn/laptop/dell-inspiron-16-plus-7620-6383,"Intel Core i7 12700H, 14C/20T",40GB DDR5 4800MHz,1024GB (M.2 NVMe),Intel Iris Xe Graphics,"16 inch, 3072 x 1920px, 60Hz","Outlet, Nhập khẩu",Dark Green,2.05kg,Battery,DELL
Dell XPS 15 9500,29990000,https://images.thinkgroup.vn/unsafe/460x460/https://media-api-beta.thinkpro.vn/backend/uploads/product/avatar/2021/2/18/dellxps9500sil-00jpg,https://thinkpro.vn/laptop/dell-xps-15-9500-6697,"Intel Core i7 10750H, 6C/12T",32GB DDR4 2933MHz,1024GB (,Intel UHD 630,"15.6 inch, 3840 x 2400px, 60Hz","Used, Nhập khẩu",Platinum Silver,1.83kg,Battery,DELL
Acer Swift 3 2022 (Intel),13490000,https://images.thinkgroup.vn/unsafe/460x460/https://media-api-beta.thinkpro.vn/media/core/products/2022/11/1/acer-swift-3-2022-thinkpro-01.png,https://thinkpro.vn/laptop/acer-swift-3-2022-intel-5472,"Intel Core i5 1240P, 12C/16T",16GB LPDDR4X 4266MHz,512GB (M.2 NVMe),Intel Iris Xe Graphics,"14 inch, 1920 x 1080px, 60Hz","Outlet, Nhập khẩu",Pure Silver,1.2kg,Battery,ACER
Lenovo ThinkBook 16P NX ARH,28990000,https://images.thinkgroup.vn/unsafe/460x460/https://media-api-beta.thinkpro.vn/media/core/products/2022/7/27/ThinkBook-16p-NX-ARH-ThinkPro-01.jpg,https://thinkpro.vn/laptop/lenovo-thinkbook-16p-nx-arh-4790,"AMD AMD 6000, 8C/16T",16GB LPDDR5 4800MHz,512GB (M.2 NVMe),AMD Radeon 680M,"16 inch, 2560 x 1600px, 120Hz","Mới, Full box, Nhập khẩu",Arctic Grey,1.9kg,Battery,LENOVO
Lenovo ThinkPad T14 Gen 3 (Intel),18790000,https://images.thinkgroup.vn/unsafe/460x460/https://media-api-beta.thinkpro.vn/media/core/products/2023/3/22/lenovo-thinkpad-t14-gen-3-thinkpro-1.png,https://thinkpro.vn/laptop/lenovo-thinkpad-t14-gen-3-intel-6439,"Intel Core i5 1235U, 10C/12T",8GB DDR4 3200MHz,512GB (M.2 NVMe),Intel Iris Xe Graphics,"14 inch, 1920 x 1200px, 60Hz","Used, Nhập khẩu",Black,1.21kg,Battery,LENOVO
Dell XPS 13 9305,18990000,https://images.thinkgroup.vn/unsafe/460x460/https://media-api-beta.thinkpro.vn/media/core/products/2022/9/30/dell-xps-13-9305-thinkpro-01.jpg,https://thinkpro.vn/laptop/dell-xps-13-9305-4817,"Intel Core i7 1165G7, 4C/8T",8GB LPDDR4X 4266MHz,256GB (M.2 NVMe),Intel Iris Xe Graphics,"13.3 inch, 1920 x 1080px, 60Hz","Used, Nhập khẩu",Platinum Silver,1.16kg,Battery,DELL
Dell Insprion 16 7620 2-in-1,22990000,https://images.thinkgroup.vn/unsafe/460x460/https://media-api-beta.thinkpro.vn/media/core/products/2022/9/19/inspiron-16-7620-2-in-1-thinkpro.jpg,https://thinkpro.vn/laptop/dell-insprion-16-7620-2-in-1-5080,"Intel Core i7 1260P, 12C/16T",16GB DDR5 4800MHz,512GB (M.2 NVMe),Intel Iris Xe Graphics,"16 inch, 1920 x 1200px, 60Hz","Outlet, Nhập khẩu",Platium Silver,2.17kg,Battery,DELL
Dell XPS 13 9300,17990000,https://images.thinkgroup.vn/unsafe/460x460/https://media-api-beta.thinkpro.vn/media/core/products/2022/10/3/dell-xps-13-9300-thinkpro-1.jpg,https://thinkpro.vn/laptop/dell-xps-13-9300-3078,"Intel Core i5 1035G1, 4C/8T",8GB LPDDR4X 3733MHz,256GB (M.2 NVMe),Intel UHD Graphics,"13.4 inch, 1920 x 1200px, 60Hz","Used, Nhập khẩu",Platium Silver,1.3kg,Battery,DELL
Lenovo ThinkPad T480s,10390000,https://images.thinkgroup.vn/unsafe/460x460/https://media-api-beta.thinkpro.vn/media/core/products/2023/5/17/lenovo-thinkpad-t480s-thinkpro-jSD.jpg,https://thinkpro.vn/laptop/lenovo-thinkpad-t480s-492,"Intel Core i5 8350U, 4C/8T",16GB DDR4 2400MHz,256GB (M.2 NVMe),Intel UHD 620,"14 inch, 1920 x 1080px, 60Hz","Used, Nhập khẩu",Black,1.31kg,Battery,LENOVO
Lenovo Thinkpad T14,10990000,https://images.thinkgroup.vn/unsafe/460x460/https://media-api-beta.thinkpro.vn/media/core/products/2022/9/30/Lenovo-Thinkpad-T14-thinkpro-01.jpg,https://thinkpro.vn/laptop/lenovo-thinkpad-t14-6526,"Intel Core i5 10310U, 4C/8T",8GB DDR4 2666MHz,256GB (M.2 NVMe),Intel UHD Graphics,"14 inch, 1920 x 1080px, 60Hz","Used, Nhập khẩu",Black,1.47kg,Battery,LENOVO
Dell Inspiron 14 5415,13990000,https://images.thinkgroup.vn/unsafe/460x460/https://media-api-beta.thinkpro.vn/backend/uploads/product/avatar/2021/10/22/dell-inspiron-14-5415jpg,https://thinkpro.vn/laptop/dell-inspiron-14-5415-3110,"AMD AMD 5000, 6C/12T",8GB DDR4 3200MHz,256GB (M.2 NVMe),AMD Radeon Graphics,"14 inch, 1920 x 1080px, 60Hz","Mới, Sealed, Nhập khẩu",Plantium,1.44kg,Battery,DELL
Surface Laptop 3 15,12790000,https://images.thinkgroup.vn/unsafe/460x460/https://media-api-beta.thinkpro.vn/media/core/products/2023/3/22/surface-laptop-3-15inch-thinkpro-01.png,https://thinkpro.vn/laptop/surface-laptop-3-15-704,"AMD AMD 3000, 4C/8T",8GB DDR4 2400MHz,128GB (M.2 NVMe),Radeon RX Vega 9 Graphics,"15 inch, 2256 x 1504px, 60Hz","Outlet, Nhập khẩu",Platium Silver,1.29kg,Battery,MICROSOFT
Microsoft Surface Pro 8,17990000,https://images.thinkgroup.vn/unsafe/460x460/https://media-api-beta.thinkpro.vn/media/core/products/2022/9/30/microsoft-surface-pro-8-thinkpro-01.jpg,https://thinkpro.vn/laptop/microsoft-surface-pro-8-6882,"Intel Core i5 1135G7, 4C/8T",8GB LPDDR4X 4267MHz,128GB (M.2 NVMe),Intel Iris Xe Graphics,"13 inch, 2880 x 1920px, 120Hz","Used, Nhập khẩu",Plantium Silver,0.891kg,Battery,MICROSOFT
Lenovo ThinkPad X13 Gen 2 (AMD),31990000,https://images.thinkgroup.vn/unsafe/460x460/https://media-api-beta.thinkpro.vn/media/core/products/2022/10/2/lenovo-thinkpad-x13-gen2.png,https://thinkpro.vn/laptop/lenovo-thinkpad-x13-gen-2-amd-3516,"AMD Ryzen 5 Pro 5650U, 6C/12T",16GB LPDDR4X 4266MHz,512GB (,Intel Iris Xe Graphics,"44998 inch, 1920 x 1200px, 60Hz","Mới, Sealed, Nhập khẩu",Off Black,1.34kg,Battery,LENOVO
Dell Inspiron 13 5310,13990000,https://images.thinkgroup.vn/unsafe/460x460/https://media-api-beta.thinkpro.vn/media/core/products/2022/7/11/Dell-Inspiron-13-5310-002.jpg,https://thinkpro.vn/laptop/dell-inspiron-13-5310-4270,"Intel Core i5 11320H, 4C/8T",16GB LPDDR4X 4266MHz,512GB (M.2 NVMe),Intel Iris Xe Graphics,"13.3 inch, 1920 x 1200px, 60Hz","Used, Nhập khẩu",Silver Grey,1.28kg,Battery,DELL
Lenovo Legion 5 Pro,21990000,https://images.thinkgroup.vn/unsafe/460x460/https://media-api-beta.thinkpro.vn/media/core/products/2022/10/1/lenovo-legion-5-pro-thinkpro-1.png,https://thinkpro.vn/laptop/lenovo-legion-5-pro-4062,"Intel Core i7 11800H, 8C/16T",16GB DDR4 3200MHz,512GB (M.2 NVMe),Intel UHD Graphics,"16 inch, 2560 x 1600px, 165Hz","Used, Nhập khẩu",Storm Grey,2.5kg,Battery,LENOVO
Lenovo ThinkPad T14 Gen 2 (AMD),23990000,https://images.thinkgroup.vn/unsafe/460x460/https://media-api-beta.thinkpro.vn/media/core/products/2022/9/30/lenovo-thinkpad-t14-gen-2-2021-thinkpro-01.jpg,https://thinkpro.vn/laptop/lenovo-thinkpad-t14-gen-2-amd-6829,"AMD AMD 5000, 8C/16T",16GB DDR4 3200MHz,512GB (M.2 NVMe),AMD Radeon Graphics,"14 inch, 1920 x 1080px, 60Hz","Outlet, Nhập khẩu",Black,1.47kg,Battery,LENOVO
Lenovo ThinkPad P1 Gen 4 (Intel),33990000,https://images.thinkgroup.vn/unsafe/460x460/https://media-api-beta.thinkpro.vn/media/core/products/2023/3/22/lenovo-thinkpad-p1-gen-4-thinkpro-1.png,https://thinkpro.vn/laptop/lenovo-thinkpad-p1-gen-4-intel-6677,"Intel Core i7 11800H, 8C/16T",16GB DDR4 3200MHz,512GB (NVMe PCIe),Intel UHD Graphics,"16 inch, 2560 x 1600px,","Used, Nhập khẩu",Đen,1.81kg,Battery,LENOVO
Lenovo ThinkPad T14s Gen 3,23790000,https://images.thinkgroup.vn/unsafe/460x460/https://media-api-beta.thinkpro.vn/media/core/products/2022/11/5/Ảnh chụp Màn hình 2022-11-05 lúc 10.30.31.png,https://thinkpro.vn/laptop/lenovo-thinkpad-t14s-gen-3-6152,"AMD AMD 6000, 6C/12T",16GB LPDDR5 6400MHz,256GB (M.2 NVMe),AMD Radeon 660M Graphics,"14 inch, 1920 x 1200px, 60Hz","Mới, Full box, Nhập khẩu",Black,1.2kg,Battery,LENOVO
HP Zbook Firefly 15 G8,22390000,https://images.thinkgroup.vn/unsafe/460x460/https://media-api-beta.thinkpro.vn/media/core/products/2022/9/30/hp-zbook-firefly-15-g8-thinkpro-01.jpg,https://thinkpro.vn/laptop/hp-zbook-firefly-15-g8-4362,"Intel Core i7 1185G7, 4C/8T",32GB DDR4 3200MHz,512GB (M.2 NVMe),Intel Iris Xe Graphics,"15.6 inch, 1920 x 1080px, 60Hz","Mới, Full box, Nhập khẩu",Mineral Gray,1.69kg,Battery,HP
Dell Inspiron 16 5620,14990000,https://images.thinkgroup.vn/unsafe/460x460/https://media-api-beta.thinkpro.vn/media/core/products/2022/5/27/Dell Inspiron 16 5620 1.png,https://thinkpro.vn/laptop/dell-inspiron-16-5620-6625,"Intel Core i5 1235U, 10C/12T",8GB DDR4 3200MHz,512GB (,Intel Iris Xe Graphics,"16 inch, 1920 x 1200px, 60Hz","Used, Nhập khẩu",Platium Grey,1.87kg,Battery,DELL
Dell Inspiron 14 5420,21990000,https://images.thinkgroup.vn/unsafe/460x460/https://media-api-beta.thinkpro.vn/media/core/products/2022/5/27/Dell Inspiron 14 5420 12.png,https://thinkpro.vn/laptop/dell-inspiron-14-5420-6853,Intel  12C/16T,16GB DDR5 4800MHz,512GB (M.2 NVMe),Intel Iris Xe Graphics,"14 inch, 2240 x 1400px, 60Hz","Outlet, Nhập khẩu",Platium Grey,1.54kg,Battery,DELL
HP Victus 15 (2022),16790000,https://images.thinkgroup.vn/unsafe/460x460/https://media-api-beta.thinkpro.vn/media/core/products/2023/5/26/hp-victus-15-2022-thinkpro-eIG.jpg,https://thinkpro.vn/laptop/hp-victus-15-2022-4396,"Intel Core i5 12450H, 8C/12T",8GB DDR4 3200MHz,512GB (M.2 NVMe),Intel UHD Graphics,"15.6 inch, 1920 x 1080px, 144Hz","Mới, Sealed, Nhập khẩu",Blacks,2.29kg,Battery,HP
Dell Inspiron 14 7425 2 in 1,15890000,https://images.thinkgroup.vn/unsafe/460x460/https://media-api-beta.thinkpro.vn/media/core/products/2022/6/28/notebook-inspiron-14-7425-2-in-1-gallery-3.png,https://thinkpro.vn/laptop/dell-inspiron-14-7425-2-in-1-4317,"AMD AMD 5000, 6C/12T",8GB DDR4 3200MHz,512GB (M.2 NVMe),AMD Radeon Graphics,"14 inch, 1920 x 1200px, 60Hz","Mới, Sealed, Nhập khẩu",Pebble Green,1.63kg,Battery,DELL
LG Gram 16 2 in 1 2021,21990000,https://images.thinkgroup.vn/unsafe/460x460/https://media-api-beta.thinkpro.vn/media/core/products/2023/3/22/lg-gram-16-2-in-1-2021-thinkpro-01.png,https://thinkpro.vn/laptop/lg-gram-16-2-in-1-2021-5195,"Intel Core i7 1165G7, 4C/8T",16GB LPDDR4X 4266MHz,512GB (M.2 NVMe),Intel Iris Xe Graphics,"16 inch, 2560 x 1600px, 60Hz","Used, Nhập khẩu",Black,1.48kg,Battery,LG
Acer Nitro 5 Tiger (Intel Gen 12th),19990000,https://images.thinkgroup.vn/unsafe/460x460/https://media-api-beta.thinkpro.vn/media/core/products/2022/8/27/Nitro5-an515-58-redkb-black-modelmain.png,https://thinkpro.vn/laptop/acer-nitro-5-tiger-intel-gen-12th-4815,"Intel Core i5 12500H, 12C/16T",16GB DDR4 3200MHz,512GB (M.2 NVMe),Intel Iris Xe Graphics,"15.6 inch, 1920 x 1080px, 144Hz","Outlet, Nhập khẩu",Đen,2.5kg,Battery,ACER
Apple Macbook Pro 13 (Chính hãng - Apple M1 - Late 2020) (MYD82SA/A),33990000,https://images.thinkgroup.vn/unsafe/460x460/https://media-api-beta.thinkpro.vn/backend/uploads/product/avatar/2020/11/19/macbookpro132020_00.jpg,https://thinkpro.vn/laptop/apple-macbook-pro-13-chinh-hang-apple-m1-late-2020-1431,"Apple M1, 8C/8T",8GB LPDDR4X,256GB (,Intel Iris Xe Graphics,"13.3 inch, 2560 x 1600px, 60Hz","Mới, Sealed, Chính hãng",Space Gray,1.37kg,Battery,APPLE
Asus ROG Strix Scar 15 (2022) G533 (G533ZW-LN134W),74990000,https://images.thinkgroup.vn/unsafe/460x460/https://media-api-beta.thinkpro.vn/media/core/products/2022/7/30/ASUS-ROG-Strix-SCAR-15-2022-ThinkPro-01.jpg,https://thinkpro.vn/laptop/asus-rog-strix-scar-15-2022-g533-4455,"Intel Core i9 12900H, 14C/20T",32GB DDR5 4800MHz,1024GB (,Intel Iris Xe Graphics,"15.6 inch, 2560 x 1440px, 240Hz","Mới, Full box, Chính hãng",Black,2.3kg,Battery,ASUS
Dell Alienware M15 R6 (Chính hãng) (P109F001BBL),61990000,https://images.thinkgroup.vn/unsafe/460x460/https://media-api-beta.thinkpro.vn/media/core/products/2022/9/27/dell-alienware-m15-r6-thinkpro-1.png,https://thinkpro.vn/laptop/dell-alienware-m15-r6-chinh-hang-3159,"Intel Core i7 11800H, 8C/16T",32GB DDR4 3200MHz,1024GB (NVMe),Intel Core UHD Graphics,"45092 inch, 1920 x 1080px, 165Hz","Mới, Full box, Chính hãng",Đen,2.69kg,Battery,DELL
Apple Macbook Pro 14 (Apple M1) (MKGP3SA/A),52490000,https://images.thinkgroup.vn/unsafe/460x460/https://media-api-beta.thinkpro.vn/backend/uploads/product/avatar/2021/10/19/macbook-pro-14-inch-large-2xjpg,https://thinkpro.vn/laptop/apple-macbook-pro-14-m1-pro-3084,"Apple M1 Pro, 8C/",16GB,512GB (,Intel Iris Xe Graphics,"14.2 inch, 3024 x 1964px, 120Hz","Mới, Sealed, Chính hãng",Space Gray,1.6kg,Battery,APPLE
ASUS Zenbook Pro 16X OLED UX7602 (UX7602ZM-ME107W),79990000,https://images.thinkgroup.vn/unsafe/460x460/https://media-api-beta.thinkpro.vn/media/core/products/2022/8/9/ASUS Zenbook Pro 16X OLED 1.png,https://thinkpro.vn/laptop/asus-zenbook-pro-16x-oled-4121,"Intel Core i9 12900H, 14C/20T",32GB LPDDR5,1024GB (M.2 NVMe PCIe 4.0),Intel Iris Xe Graphics,"16 inch, 3840 x 2400px,","Mới, Full box, Chính hãng",Tech Black,2.4kg,Battery,ASUS
Dell Inspiron 14 5425,13490000,https://images.thinkgroup.vn/unsafe/460x460/https://media-api-beta.thinkpro.vn/media/core/products/2022/10/1/dell-inspiron-14-5425-thinkpro-1.png,https://thinkpro.vn/laptop/dell-inspiron-14-5425-4973,"AMD Ryzen 5 5625U, 6C/12T",16GB DDR4 3200MHz,512GB (M.2 NVMe),AMD Radeon Graphics,"14 inch, 1920 x 1200px, 60Hz","Used, Nhập khẩu",Platium Silver,1.54kg,Battery,DELL
Dell XPS 13 Plus 9320 (Chính hãng) (5CG56),59990000,https://images.thinkgroup.vn/unsafe/460x460/https://media-api-beta.thinkpro.vn/media/core/products/2023/3/22/dell-xps-13-plus-9320-thinkpro-001.png,https://thinkpro.vn/laptop/dell-xps-13-plus-9320-chinh-hang-5254,"Intel Core i7 1260P, 12C/16T",16GB LPDDR5 5200MHz,"512GB (M.2, Gen 4 PCIe)",Intel Iris Xe Graphics,"13.3 inch, 3456 x 2160px, 60Hz","Mới, Full box, Chính hãng",Silver,1.23kg,Battery,DELL
Acer Aspire 5 14 (Chính hãng) (A514-54-5127),12990000,https://images.thinkgroup.vn/unsafe/460x460/https://media-api-beta.thinkpro.vn/media/core/products/2022/9/30/Acer Aspire-5-14-thinkpro-01.jpeg,https://thinkpro.vn/laptop/acer-aspire-5-14-chinh-hang-3388,"Intel Core i5 1135G7, 4C/8T",8GB DDR4 2666MHz,512GB (M.2 NVMe),Intel Iris Xe Graphics,"14 inch, 1920 x 1080px, 60Hz","Mới, Full box, Chính hãng",Silver,1.46kg,Battery,ACER
Acer Nitro 5 15 Intel Gen 11 - Chính hãng (AN515-56-79U2),19900000,https://images.thinkgroup.vn/unsafe/460x460/https://media-api-beta.thinkpro.vn/media/core/products/2022/9/28/acer-nitro-5-15-intel-gen-11-thinkpro-1.png,https://thinkpro.vn/laptop/acer-nitro-5-15-intel-gen-11-chinh-hang-2061,"Intel Core i7 11370H, 4C/8T",8GB DDR4 3200MHz,512GB (M.2 NVMe),Intel Iris Xe Graphics,"15.6 inch, 1920 x 1080px, 144Hz","Mới, Full box, Chính hãng",Obsidian Black,2.3kg,Battery,ACER
ASUS TUF Dash F15 (Chính hãng) (FX516PM-HN002W),21190000,https://images.thinkgroup.vn/unsafe/460x460/https://media-api-beta.thinkpro.vn/media/core/products/2022/9/27/asus-tuf-dash-f15-thinkpro-1.png,https://thinkpro.vn/laptop/asus-tuf-dash-f15-chinh-hang-6074,"Intel Core i7 11370H, 4C/8T",8GB DDR4 3200MHz,512GB (M.2 NVMe),Intel Iris Xe Graphics,"15.6 inch, 1920 x 1080px, 144Hz","Outlet, Chính hãng",Eclipse Gray,2kg,Battery,ASUS
HP Pavilion 15 (Intel Gen 11) (2D9D5PA),17990000,https://images.thinkgroup.vn/unsafe/460x460/https://media-api-beta.thinkpro.vn/media/core/products/2023/4/10/hp-pavilion-15-thinkpro-01.png,https://thinkpro.vn/laptop/hp-pavilion-15-intel-gen-11-3543,"Intel Core i7 1165G7, 4C/8T",8GB DDR4 3200MHz,512GB (M.2 NVMe),Intel Iris Xe Graphics,"15.6 inch, 1920 x 1080px, 60Hz","Outlet, Chính hãng",Warm Gold,1.75kg,Battery,HP
Lenovo IdeaPad 3 14 (Intel Gen 11),11990000,https://images.thinkgroup.vn/unsafe/460x460/https://media-api-beta.thinkpro.vn/media/core/products/2023/4/10/lenovo-ideapad-3-14-thinkpro-02.png,https://thinkpro.vn/laptop/lenovo-ideapad-3-14-intel-gen-11-6019,"Intel Core i5 1135G7, 4C/8T",8GB DDR4 3200MHz,512GB (M.2 NVMe),Intel Iris Xe Graphics,"14 inch, 1920 x 1080px, 60Hz","Mới, Sealed, Nhập khẩu",Xám,1.41kg,Battery,LENOVO
ASUS ROG Strix G15 (G513) (G513QM-HQ283T),32990000,https://images.thinkgroup.vn/unsafe/460x460/https://media-api-beta.thinkpro.vn/media/core/products/2022/9/27/asus-rog-strix-g15-g513-thinkpro-1.png,https://thinkpro.vn/laptop/asus-rog-strix-g15-g513-6269,"AMD AMD 5000, 8C/16T",16GB DDR4 3200MHz,512GB (M.2 NVMe),AMD Radeon Graphics,"15.6 inch, 1920 x 1080px, 144Hz","Outlet, Chính hãng",Dark Gray,2.3kg,Battery,ASUS
GIGABYTE G5 Gaming Laptop (MD-51S1123SH),18990000,https://images.thinkgroup.vn/unsafe/460x460/https://media-api-beta.thinkpro.vn/media/core/products/2022/9/26/gigabyte-g4-thinkpro-01.png,https://thinkpro.vn/laptop/gigabyte-g5-gaming-laptop-5417,"Intel Core i5 11400H, 6C/12T",16GB DDR4 3200MHz,512GB (M.2 NVMe),Intel UHD Graphics,"15.6 inch, 1920 x 1080px, 144Hz","Outlet, Chính hãng",Đen,2.2kg,Battery,GIGABYTE
GIGABYTE AORUS 15P Gaming Laptop (YD-73S1224GH),47990000,https://images.thinkgroup.vn/unsafe/460x460/https://media-api-beta.thinkpro.vn/media/core/products/2022/9/26/gigabyte-aorus-15p-gaming-laptop-thinkpro-1.png,https://thinkpro.vn/laptop/gigabyte-aorus-15p-gaming-laptop-6076,"Intel Core i7 11800H, 8C/16T",16GB DDR4 3200MHz,1024GB (M.2 NVMe),Intel UHD Graphics,"15.6 inch, 1920 x 1080px, 240Hz","Outlet, Chính hãng",Black,2.2kg,Battery,GIGABYTE
Acer Nitro 5 Tiger Intel Gen 12 (Chính hãng) (AN515-58-52SP),23490000,https://images.thinkgroup.vn/unsafe/460x460/https://media-api-beta.thinkpro.vn/media/core/products/2023/3/22/acer-nitro-5-tiger-thinkpro-001.png,https://thinkpro.vn/laptop/acer-nitro-5-tiger-intel-gen-12-chinh-hang-3572,"Intel Core i5 12500H, 12C/16T",8GB DDR4 3200MHz,512GB (M.2 NVMe),Intel Iris Xe Graphics,"15.6 inch, 1920 x 1080px, 144Hz","Mới, Full box, Chính hãng",Obsidian Black,2.5kg,Battery,ACER
Acer Nitro 5 2021 (Intel H45) (AN515-57-720A),23990000,https://images.thinkgroup.vn/unsafe/460x460/https://media-api-beta.thinkpro.vn/media/core/products/2022/9/26/acer-nitro-5-2021-thinkpro-005-1.png,https://thinkpro.vn/laptop/acer-nitro-5-2021-intel-h45-3120,"Intel Core i7 11800H, 8C/16T",8GB DDR4 3200MHz,512GB (M.2 NVMe),Intel UHD Graphics,"15.6 inch, 1920 x 1080px, 144Hz","Mới, Full box, Chính hãng",Shale Black,2.2kg,Battery,ACER
Acer Aspire 3 15 Intel gen 11 (Chính hãng) (A315-58-35AG),8990000,https://images.thinkgroup.vn/unsafe/460x460/https://media-api-beta.thinkpro.vn/media/core/products/2022/9/30/Aspire-3-A315-58-Silver-thinkpro-01.jpg,https://thinkpro.vn/laptop/acer-aspire-3-15-intel-gen-11-chinh-hang-3719,"Intel Core i3 1115G4, 2C/4T",4GB DDR4 3200MHz,256GB (M.2 NVMe),Intel UHD Graphics,"15.6 inch, 1920 x 1080px, 60Hz","Mới, Full box, Chính hãng",Silver,1.7kg,Battery,ACER
ASUS TUF Gaming FX706H (FX706HCB-HX105W),21190000,https://images.thinkgroup.vn/unsafe/460x460/https://media-api-beta.thinkpro.vn/media/core/products/2022/9/30/Asus-TUF-FX706H-thinkpro-01.jpg,https://thinkpro.vn/laptop/asus-tuf-gaming-fx706h-3706,"Intel Core i5 11400H, 6C/12T",8GB DDR4 3200MHz,512GB (M.2 NVMe),Intel UHD Graphics,"17.3 inch, 1920 x 1080px, 144Hz","Mới, Full box, Chính hãng",Graphite Black,2.3kg,Battery,ASUS
LG Gram 16 2022 (16Z90Q-G.AH52A5),23990000,https://images.thinkgroup.vn/unsafe/460x460/https://media-api-beta.thinkpro.vn/media/core/products/2023/4/17/lg-gram-16-2022-16z90q-gah52a5-thinkpro-01-thinkpro-3mE.png,https://thinkpro.vn/laptop/lg-gram-16-2022-6568,"Intel Core i5 1240P, 12C/16T",16GB LPDDR5 5200MHz,256GB (M.2 NVMe),Intel Iris Xe Graphics,"16 inch, 2560 x 1600px, 60Hz","Outlet, Chính hãng",Black,1.2kg,Battery,LG
ASUS Zenbook Flip 14 OLED (UP5401ZA-KN005W),22990000,https://images.thinkgroup.vn/unsafe/460x460/https://media-api-beta.thinkpro.vn/media/core/products/2022/4/27/ZenBook Flip 14 OLED_UP5401_Product photo_3G_Pine Grey_28.jpg,https://thinkpro.vn/laptop/asus-zenbook-flip-14-oled-5971,"Intel Core i5 12500H, 12C/16T",8GB LPDDR5 4800MHz,512GB (M.2 NVMe),Intel Iris Xe Graphics,"14 inch, 2880 x 1800px, 90Hz","Used, Chính hãng",Pine Grey,1.4kg,Battery,ASUS
LG Gram 14 2022,22790000,https://images.thinkgroup.vn/unsafe/460x460/https://media-api-beta.thinkpro.vn/media/core/products/2022/8/3/LG-Gram-14-2022-ThinkPro-10.jpg,https://thinkpro.vn/laptop/lg-gram-14-2022-6280,"Intel Core i7 1260P, 12C/16T",16GB LPDDR5 5200MHz,512GB (M.2 NVMe),Intel Iris Xe Graphics,"14 inch, 1920 x 1200px, 90Hz","Mới, Full box, Nhập khẩu",Black,0.9kg,Battery,LG
Huawei MateBook D15,12990000,https://images.thinkgroup.vn/unsafe/460x460/https://media-api-beta.thinkpro.vn/media/core/products/2022/9/27/Matebook-D15-2021-thinkpro-01.jpg,https://thinkpro.vn/laptop/huawei-matebook-d15-6045,"Intel Core i5 1135G7, 4C/8T",8GB DDR4 3200MHz,512GB (M.2 NVMe),Intel Iris Xe Graphics,"15.6 inch, 1920 x 1080px, 60Hz","Outlet, Chính hãng",Bạc,1.56kg,Battery,HUAWEI
ASUS Zenbook 14 Q409 ZA,12790000,https://images.thinkgroup.vn/unsafe/460x460/https://media-api-beta.thinkpro.vn/media/core/products/2022/9/30/asus-zenbook-14-q409za-thinkpro-01.jpg,https://thinkpro.vn/laptop/asus-zenbook-14-q409za-6281,"Intel Core i5 1240P, 12C/16T",8GB LPDDR5 5200MHz,256GB (M.2 NVMe),Intel Iris Xe Graphics,"14 inch, 2880 x 1800px, 90Hz","Used, Nhập khẩu",Ponder Blue,1.39kg,Battery,ASUS
HP Victus Gaming 16 Intel (Chính hãng) (4R0U1PA),23990000,https://images.thinkgroup.vn/unsafe/460x460/https://media-api-beta.thinkpro.vn/media/core/products/2023/4/10/hp-victus-gaming-16-intel-thinkpro-01.png,https://thinkpro.vn/laptop/hp-victus-gaming-16-intel-chinh-hang-3606,"Intel Core i7 11800H, 8C/16T",8GB DDR4 3200MHz,512GB (M.2 NVMe),Intel UHD Graphics,"16.1 inch, 1920 x 1080px, 144Hz","Mới, Full box, Chính hãng",Mica Silver,2.46kg,Battery,HP
Dell XPS 13 9310,17990000,https://images.thinkgroup.vn/unsafe/460x460/https://media-api-beta.thinkpro.vn/media/core/products/2023/3/22/dell-xps-9310-thinkpro-01.png,https://thinkpro.vn/laptop/dell-xps-13-9310-3949,"Intel Core i5 1135G7, 4C/8T",8GB LPDDR4X 4266MHz,256GB (,Intel Iris Xe Graphics,"13 inch, 1920 x 1200px, 60Hz","Used, Nhập khẩu",Platium Silver,44958kg,Battery,DELL
Dell Precision 5550,25990000,https://images.thinkgroup.vn/unsafe/460x460/https://media-api-beta.thinkpro.vn/media/core/products/2022/10/4/dell-precision-5550-thinkpro-11.jpg,https://thinkpro.vn/laptop/dell-precision-5550-6524,"Intel Core i7 10850H, 6C/12T",16GB DDR4 2933MHz,1024GB (M.2 NVMe),Intel UHD Graphics,"15.6 inch, 1920 x 1200px, 60Hz","Used, Nhập khẩu",Shadow Grey,1.83kg,Battery,DELL
Dell XPS 13 9380,13990000,https://images.thinkgroup.vn/unsafe/460x460/https://media-api-beta.thinkpro.vn/media/core/products/2022/12/16/dell-xps-13-9380-thinkpro-01.png,https://thinkpro.vn/laptop/dell-xps-13-9380-627,"Intel Core i5 8265U, 4C/8T",8GB LPDDR3 2133MHz,256GB (M.2 NVMe),Intel UHD Graphics,"13.3 inch, 1920 x 1080px, 60Hz","Used, Nhập khẩu",Plantium Silver,1.21kg,Battery,DELL
Lenovo ThinkBook 16 G4+,19390000,https://images.thinkgroup.vn/unsafe/460x460/https://media-api-beta.thinkpro.vn/media/core/products/2022/1/15/Thinkbook_14_Artic_Grey_IRcamera.png,https://thinkpro.vn/laptop/lenovo-thinkbook-16-g4-3589,"AMD AMD 6000, 6C/12T",16GB LPDDR5 4800MHz,512GB (M.2 NVMe),AMD Radeon 660M Graphics,"16 inch, 2560 x 1600px, 60Hz","Mới, Sealed, Nhập khẩu",Mineral Gray,1.8kg,Battery,LENOVO
Lenovo ThinkPad X1 Carbon Gen 9,24990000,https://images.thinkgroup.vn/unsafe/460x460/https://media-api-beta.thinkpro.vn/media/core/products/2022/9/30/lenovo-thinkpadpad-x1-carbon-gen-9-thinkpro-01.jpg,https://thinkpro.vn/laptop/lenovo-thinkpad-x1-carbon-gen-9-5263,"Intel Core i7 1165G7, 4C/8T",16GB LPDDR4X 4266MHz,512GB (M.2 NVMe),Intel Iris Xe Graphics,"14 inch, 1920 x 1200px, 60Hz","Used, Nhập khẩu",Black,1.13kg,Battery,LENOVO
Dell Inspiron 13 5330,20790000,https://images.thinkgroup.vn/unsafe/460x460/https://media-api-beta.thinkpro.vn/media/core/products/2023/3/22/dell-inspiron-5330-thinkpro-1.png,https://thinkpro.vn/laptop/dell-inspiron-13-5330-6308,"Intel Core i5 1340P, 12C/16T",16GB LPDDR5 5200MHz,512GB (M.2 NVMe),Intel Iris Xe Graphics,"13.3 inch, 2560 x 1600px, 60Hz","Mới, Sealed, Nhập khẩu",Platium Silver,1.3kg,Battery,DELL
Lenovo ThinkBook 14 G4+ (Intel),18990000,https://images.thinkgroup.vn/unsafe/460x460/https://media-api-beta.thinkpro.vn/media/core/products/2022/10/1/lenovo-thinkbook-14-g4-thinkpro-1.png,https://thinkpro.vn/laptop/lenovo-thinkbook-14-g4-intel-6831,"Intel Core i5 12500H, 12C/16T",16GB LPDDR5 4800MHz,512GB (M.2 NVMe),Intel Iris Xe Graphics,"14 inch, 2880 x 1800px, 90Hz","Used, Nhập khẩu",Mineral Grey,1.43kg,Battery,LENOVO
Lenovo ThinkPad X1 Carbon Gen 6 (20KHS1TG00LCR),9790000,https://images.thinkgroup.vn/unsafe/460x460/https://media-api-beta.thinkpro.vn/media/core/products/2022/10/2/lenovo-thinkpad-x1-carbon-gen-6-thinkpro-01.jpg,https://thinkpro.vn/laptop/lenovo-thinkpad-x1-carbon-gen-6-884,"Intel Core i5 8250U, 4C/8T",8GB LPDDR3 2133MHz,256GB (M.2 NVMe),Intel UHD 620,"14 inch, 1920 x 1080px, 60Hz","Used, Nhập khẩu",Black,1.13kg,Battery,LENOVO
Lenovo ThinkPad X1 Carbon Gen 7,13990000,https://images.thinkgroup.vn/unsafe/460x460/https://media-api-beta.thinkpro.vn/media/core/products/2022/10/2/lenovo-thinkpad-x1-carbon-gen-7.png,https://thinkpro.vn/laptop/lenovo-thinkpad-x1-carbon-gen-7-3586,"Intel Core i7 8565U, 4C/8T",16GB LPDDR3 2133MHz,256GB (M.2 NVMe),Intel UHD Graphics,"14 inch, 1920 x 1080px, 60Hz","Used, Nhập khẩu",Black,1.09kg,Battery,LENOVO
Lenovo ThinkPad X1 Nano (20UN0007US),20990000,https://images.thinkgroup.vn/unsafe/460x460/https://media-api-beta.thinkpro.vn/media/core/products/2022/9/30/lenovo-thinkpad-x1-nano-thinkpro-01.jpg,https://thinkpro.vn/laptop/lenovo-thinkpad-x1-nano-4378,"Intel Core i5 1130G7, 4C/8T",16GB LPDDR4X 4266MHz,512GB (M.2 NVMe),Intel Iris Xe Graphics,"13 inch, 2160 x 1350px, 60Hz","Used, Nhập khẩu",Black,0.907kg,Battery,LENOVO
Dell Inspiron 16 Plus Laptop (7610),17990000,https://images.thinkgroup.vn/unsafe/460x460/https://media-api-beta.thinkpro.vn/media/core/products/2022/10/1/new-inspiron-16-plus-laptop-7610-thinkpro-1.png,https://thinkpro.vn/laptop/new-inspiron-16-plus-7610-4355,"Intel Core i7 11800H, 8C/16T",16GB DDR4 3200MHz,1024GB (M.2 NVMe),Intel UHD Graphics,"16 inch, 3072 x 1920px, 60Hz","Used, Nhập khẩu",Mist Blue,2.15kg,Battery,DELL
Dell XPS 15 9520,35990000,https://images.thinkgroup.vn/unsafe/460x460/https://media-api-beta.thinkpro.vn/media/core/products/2022/9/30/dell-xps-9520-thinkpro-01.jpg,https://thinkpro.vn/laptop/dell-xps-9520-6402,"Intel Core i7 12700H, 14C/20T",16GB DDR5 4800MHz,512GB (M.2 NVMe),Intel Iris Xe Graphics,"15.6 inch, 1920 x 1200px, 60Hz","Used, Nhập khẩu",Platinum Silver,1.92kg,Battery,DELL
Dell Inspiron 16 5630,19790000,https://images.thinkgroup.vn/unsafe/460x460/https://media-api-beta.thinkpro.vn/media/core/products/2023/3/9/in5630nt-cnb-00000ff090-sl.jpg,https://thinkpro.vn/laptop/dell-inspiron-16-5630-6485,"Intel Core i5 1340P, 12C/16T",16GB LPDDR5 5200MHz,512GB (M.2 NVMe),Intel Iris Xe Graphics,"16 inch, 2560 x 1600px, 60Hz","Mới, Full box, Nhập khẩu",Plantium Silver,1.85kg,Battery,DELL
Surface Laptop 3 13.5,12990000,https://images.thinkgroup.vn/unsafe/460x460/https://media-api-beta.thinkpro.vn/media/core/products/2022/10/1/suface-laptop-3-thinkpro-1.png,https://thinkpro.vn/laptop/surface-3-135-5413,"Intel Core i5 1035G7, 4C/8T",8GB LPDDR4X 3733MHz,128GB (,Intel Iris Xe Graphics,"45092 inch, 2256 x 1504px, 60Hz","Used, Nhập khẩu",Platinum,1.29kg,Battery,MICROSOFT
Dell Precision 15 5560,34990000,https://images.thinkgroup.vn/unsafe/460x460/https://media-api-beta.thinkpro.vn/media/core/products/2022/10/1/dell-precision-5560-thinkpro-1.png,https://thinkpro.vn/laptop/dell-precision-15-5560-6400,"Intel Core i7 11800H, 8C/16T",16GB DDR4 3200MHz,512GB (M.2 NVMe),Intel UHD Graphics,"15.6 inch, 1920 x 1200px, 60Hz","Used, Nhập khẩu",Mineral Gray,2.04kg,Battery,DELL
Apple Macbook Pro 16 (Apple M1) (MK1F3SA/A),60490000,https://images.thinkgroup.vn/unsafe/460x460/https://media-api-beta.thinkpro.vn/backend/uploads/product/avatar/2021/10/19/macbook-pro-16-inch-large-2xjpg,https://thinkpro.vn/laptop/apple-macbook-pro-16-m1-max-3089,"Apple Apple M1, 10C/10T",16GB LPDDR5 6400MHz,1024GB (M.2 NVMe),Apple GPU 16 Cores,"16.2 inch, 3456 x 2234px, 120Hz","Mới, Sealed, Chính hãng",Silver,2.1kg,Battery,APPLE
Asus Vivobook 15 Pro OLED (M3500QC-L1105T),21590000,https://images.thinkgroup.vn/unsafe/460x460/https://media-api-beta.thinkpro.vn/media/core/products/2022/9/27/asus-vivobook-15-pro-oled-thinkpro-1.png,https://thinkpro.vn/laptop/asus-vivobook-15-pro-oled-3323,"AMD AMD 5000, 6C/12T",8GB DDR4 3200MHz,512GB (M.2 NVMe),AMD Radeon Graphics,"15.6 inch, 1920 x 1080px, 60Hz","Mới, Full box, Chính hãng",Quiet Blue,1.65kg,Battery,ASUS
ASUS TUF Gaming F15 (Intel Gen 12) (FX507ZE-HN093W),27190000,https://images.thinkgroup.vn/unsafe/460x460/https://media-api-beta.thinkpro.vn/media/core/products/2022/3/24/03_FX507.png,https://thinkpro.vn/laptop/asus-tuf-gaming-f15-intel-gen-12-4408,"Intel Core i7 12700H, 14C/20T",8GB DDR5 4800MHz,512GB (M.2 NVMe),Intel Iris Xe Graphics,"15.6 inch, 1920 x 1080px, 144Hz","Mới, Full box, Chính hãng",Xám,2.2kg,Battery,ASUS
Dell Inspiron 14 5430,20290000,https://images.thinkgroup.vn/unsafe/460x460/https://media-api-beta.thinkpro.vn/media/core/products/2023/3/9/in5430nt-cnb-00000ff090-sl-2pc.jpg,https://thinkpro.vn/laptop/dell-inspiron-14-5430-6333,"Intel Core i5 1340P, 12C/16T",16GB LPDDR5 5200MHz,512GB (M.2 NVMe),Intel Iris Xe Graphics,"14 inch, 2560 x 1600px, 60Hz","Mới, Full box, Nhập khẩu",Platinum Silver,1.55kg,Battery,DELL
Dell Vostro 14 3400 Intel gen 11 (Chính Hãng) (70253900),13990000,https://images.thinkgroup.vn/unsafe/460x460/https://media-api-beta.thinkpro.vn/media/core/products/2022/9/27/dell-vostro-14-3400-intel-gen-11-thinkpro-1.png,https://thinkpro.vn/laptop/dell-vostro-14-3400-intel-gen-11-chinh-hang-6750,"Intel Core i5 1135G7, 4C/8T",8GB DDR4,256GB (M.2 NVMe),Intel Iris Xe Graphics,"14 inch, 1920 x 1080px, 60Hz","Used, Chính hãng",Black,1.64kg,Battery,DELL
Dell Inspiron 15 5515 AMD,12990000,https://images.thinkgroup.vn/unsafe/460x460/https://media-api-beta.thinkpro.vn/media/core/products/2022/10/4/dell-inspiron-15-5515-amd-thinkpro-2.jpg,https://thinkpro.vn/laptop/dell-inspiron-15-5515-amd-4201,"AMD Ryzen 5 5500U, 6C/12T",8GB DDR4 3200MHz,256GB (,Intel Iris Xe Graphics,"45092 inch, 1920 x 1080px, 60Hz","Used, Nhập khẩu",Mist Blue,1.75kg,Battery,DELL
Microsoft Surface Pro 7 Plus,16390000,https://images.thinkgroup.vn/unsafe/460x460/https://media-api-beta.thinkpro.vn/media/core/products/2023/5/26/microsoft-surface-pro-7-plus-thinkpro.jpg,https://thinkpro.vn/laptop/microsoft-surface-pro-7-plus-6376,"Intel Core i5 1135G7, 4C/8T",8GB LPDDR4X 4267MHz,128GB (M.2 NVMe),Intel Iris Xe Graphics,"12.3 inch, 2736 x 1824px, 60Hz","Outlet, Nhập khẩu",Silver,0.77kg,Battery,MICROSOFT
HP Envy 13 X360,12990000,https://images.thinkgroup.vn/unsafe/460x460/https://media-api-beta.thinkpro.vn/backend/uploads/product/avatar/2021/9/22/hp-envy-13-2-in-1-2021jpg,https://thinkpro.vn/laptop/hp-envy-13-x360-6652,Intel  4C/8T,8GB DDR4 3200MHz,256GB (M.2 NVMe),Intel Iris Xe Graphics,"13.3 inch, 1920 x 1080px, 60Hz","Used, Nhập khẩu",Pale Gold,1.32kg,Battery,HP
LG Gram 17'' 2021 (17Z90P-G.AH78A5),26990000,https://images.thinkgroup.vn/unsafe/460x460/https://media-api-beta.thinkpro.vn/backend/uploads/product/avatar/2021/6/5/gram17-21-silver-0jpg,https://thinkpro.vn/laptop/lg-gram-17-2021-2233,"Intel Core i7 1165G7, 4C/8T",16GB LPDDR4X 4266MHz,1024GB (M.2 NVMe),Intel Iris Xe Graphics,"17 inch, 2560 x 1600px, 60Hz","Mới, Full box, Chính hãng",Black,1.35kg,Battery,LG
Lenovo ThinkPad X1 Extreme Gen 3,23990000,https://images.thinkgroup.vn/unsafe/460x460/https://media-api-beta.thinkpro.vn/media/core/products/2023/1/9/lenovo-thinkpad-x1-extreme-gen-3-thinkpro-01.png,https://thinkpro.vn/laptop/lenovo-thinkpad-x1-extreme-gen-3-2840,"Intel Core i7 10750H, 6C/12T",16GB DDR4 2933MHz,512GB (M.2 NVMe),Intel UHD Graphics,"15.6 inch, 1920 x 1080px, 60Hz","Used, Nhập khẩu",Black,1.7kg,Battery,LENOVO
Lenovo IdeaPad 5 Pro 14IAP7 (82SH000SVN),18990000,https://images.thinkgroup.vn/unsafe/460x460/https://media-api-beta.thinkpro.vn/media/core/products/2022/11/1/lenovo-ideapad-5-pro-14iap7-thinkpro-01.png,https://thinkpro.vn/laptop/lenovo-ideapad-5-pro-14iap7-6073,"Intel Core i5 1240P, 12C/16T",16GB LPDDR5 4800MHz,512GB (M.2 NVMe),Intel Iris Xe Graphics,"14 inch, 2880 x 1800px, 90Hz","Used, Chính hãng",Cloud Grey,1.42kg,Battery,LENOVO
Dell XPS 13 2 in 1 9315 (2022),27990000,https://images.thinkgroup.vn/unsafe/460x460/https://media-api-beta.thinkpro.vn/media/core/products/2023/4/29/dell-xps-13-2-in-1-9315-2022-thinkpro-VVQ.png,https://thinkpro.vn/laptop/dell-xps-13-2-in-1-9315-2022-6770,"Intel Core i5 1230U, 10C/12T",16GB LPDDR4X 4267MHz,512GB (M.2 NVMe),Intel Iris Xe Graphics,"13 inch, 2880 x 1920px, 60Hz","Outlet, Nhập khẩu",Sky,0.736kg,Battery,DELL
Dell Latitude 7430,19990000,https://images.thinkgroup.vn/unsafe/460x460/https://media-api-beta.thinkpro.vn/media/core/products/2023/4/1/Dell-Latitude-7430-ThinkPro-01.png,https://thinkpro.vn/laptop/dell-latitude-7430-6016,"Intel Core i5 1245U, 10C/12T",16GB DDR4 3200MHz,256GB (M.2 NVMe),Intel Iris Xe Graphics,"14 inch, 1920 x 1080px, 60Hz","Outlet, Nhập khẩu",Shadow Grey,1.24kg,Battery,DELL
Dell Vostro 5310,16390000,https://images.thinkgroup.vn/unsafe/460x460/https://media-api-beta.thinkpro.vn/media/core/products/2023/1/14/dell-vostro-5310-thinkpro-01.png,https://thinkpro.vn/laptop/dell-vostro-5310-5083,"Intel Core i5 11320H, 4C/8T",16GB LPDDR4X 4267MHz,512GB (M.2 NVMe),Intel Iris Xe Graphics,"13.3 inch, 2560 x 1600px, 60Hz","Mới, Sealed, Nhập khẩu",Forest,1.25kg,Battery,DELL
Lenovo Slim 7 16 Gen 7,21990000,https://images.thinkgroup.vn/unsafe/460x460/https://media-api-beta.thinkpro.vn/media/core/products/2022/11/1/lenovo-yoga-slim-7i-pro-thinkpro-01.png,https://thinkpro.vn/laptop/lenovo-slim-7-16-gen-7-6452,"Intel Core i7 12700H, 14C/20T",32GB LPDDR5 4800MHz,1024GB (M.2 NVMe),Intel Iris Xe Graphics,"16 inch, 2560 x 1600px, 120Hz","Used, Nhập khẩu",Storm Grey,2.1kg,Battery,LENOVO
Acer Nitro 5 15'' 2021 (AMD) (AN515-45-R9SC),29990000,https://images.thinkgroup.vn/unsafe/460x460/https://media-api-beta.thinkpro.vn/media/core/products/2023/4/17/acer-nitro-5-15-2021-amd-thinkpro-01-thinkpro-yu0.png,https://thinkpro.vn/laptop/acer-nitro-5-15-2021-amd-1899,"AMD AMD 5000, 8C/16T",8GB DDR4 3200MHz,512GB (M.2 NVMe),AMD Radeon Graphics,"15.6 inch, 1920 x 1080px, 144Hz","Mới, Full box, Chính hãng",Shale Black,2.2kg,Battery,ACER
Lenovo ThinkPad P16,42990000,https://images.thinkgroup.vn/unsafe/460x460/https://media-api-beta.thinkpro.vn/media/core/products/2023/3/22/lenovo-thinkpad-p16-thinkpro-01.png,https://thinkpro.vn/laptop/lenovo-thinkpad-p16-6106,"Intel Core i7 12800HX, 16C/24T",32GB DDR5 4800MHz,512GB (M.2 NVMe),Intel Iris Xe Graphics,"16 inch, 1920 x 1200px, 60Hz","Mới, Full box, Nhập khẩu",Carbon Black,2.95kg,Battery,LENOVO
Dell XPS 13 9315 (2022),21990000,https://images.thinkgroup.vn/unsafe/460x460/https://media-api-beta.thinkpro.vn/media/core/products/2022/6/13/xps139315 1.png,https://thinkpro.vn/laptop/dell-xps-13-9315-2022-5235,"Intel Core i5 1230U, 10C/12T",8GB LPDDR5 5200MHz,512GB (M.2 NVMe),Intel Iris Xe Graphics,"13.4 inch, 1920 x 1200px, 60Hz","Outlet, Nhập khẩu",Sky,1.17kg,Battery,DELL
LG Gram 14 2023 (14ZD90R-G.AX51A5),25990000,https://images.thinkgroup.vn/unsafe/460x460/https://media-api-beta.thinkpro.vn/media/core/products/2023/5/18/lg-gram-14-2023-thinkpro-hvu.jpg,https://thinkpro.vn/laptop/lg-gram-14-2023-6712,"Intel Core i5 1340P, 16C/12T",8GB LPDDR5 6000MHz,256GB (M.2 NVMe),Intel Iris Xe Graphics,"14 inch, 1920 x 1200px, 60Hz","Mới, Full box, Chính hãng",White,0.999kg,Battery,LG
Microsoft Surface Pro 9 (Only Device),22990000,https://images.thinkgroup.vn/unsafe/460x460/https://media-api-beta.thinkpro.vn/media/core/products/2023/3/24/microsoft-surface-pro-9-thinkpro-1.png,https://thinkpro.vn/laptop/microsoft-surface-pro-9-6105,"Intel Core i5 1235U, 10C/12T",8GB LPDDR5 4800MHz,128GB (M.2 NVMe),Intel Iris Xe Graphics,"13 inch, 2880 x 1920px, 120Hz","Mới, Full box, Nhập khẩu",Platinum,0.879kg,Battery,MICROSOFT
Dell Inspiron 14 7400 (INS0088956-R0017608-SA),13990000,https://images.thinkgroup.vn/unsafe/460x460/https://media-api-beta.thinkpro.vn/media/core/products/2022/12/9/msi-modern-15-b12m-thinkpro-01.png,https://thinkpro.vn/laptop/msi-modern-15-b12m-5852,"Intel Core i5 1135G7, 4C/8T",8GB LPDDR4X 4266MHz,256GB (M.2 NVMe),Intel Iris Xe Graphics,"14.5 inch, 2560 x 1600px, 60Hz","Used, Nhập khẩu",Black,1.35kg,Battery,DELL
Lenovo ThinkPad T14s Gen 2 (Intel) (Vỏ kim loại),19990000,https://images.thinkgroup.vn/unsafe/460x460/https://media-api-beta.thinkpro.vn/media/core/products/2022/8/26/T14sG2is 2.jpg,https://thinkpro.vn/laptop/lenovo-thinkpad-t14s-gen-2-intel-6591,"Intel Core i7 1185G7, 4C/8T",16GB LPDDR4 4266MHz,512GB (,Intel Iris Xe Graphics,"14 inch, 1920 x 1080px, 60Hz","Used, Nhập khẩu",Platium Silver,1.36kg,Battery,LENOVO
Lenovo ThinkPad E14 Gen 4 (Intel),17990000,https://images.thinkgroup.vn/unsafe/460x460/https://media-api-beta.thinkpro.vn/media/core/products/2023/3/22/lenovo-thinkpad-e14-gen-4-thinkpro-0001.png,https://thinkpro.vn/laptop/lenovo-thinkpad-e14-gen-4-intel-4328,"Intel Core i5 1240P, 12C/16T",8GB DDR4 3200MHz,512GB (M.2 NVMe),Intel Iris Xe Graphics,"14 inch, 1920 x 1080px, 60Hz","Mới, Sealed, Nhập khẩu",Đen,1.59kg,Battery,LENOVO
Dell Inspiron 14 7400 (INS0088956-R0017608-SA),13990000,https://images.thinkgroup.vn/unsafe/460x460/https://media-api-beta.thinkpro.vn/media/core/products/2022/10/2/dell-inspiron-14-7400-thinkpro-1.png,https://thinkpro.vn/laptop/dell-inspiron-14-7400-2739,"Intel Core i5 1135G7, 4C/8T",8GB LPDDR4X 4266MHz,256GB (M.2 NVMe),Intel Iris Xe Graphics,"14.5 inch, 2560 x 1600px, 60Hz","Used, Nhập khẩu",Black,1.35kg,Battery,DELL
Lenovo ThinkBook 16 G5+,24390000,https://images.thinkgroup.vn/unsafe/460x460/https://media-api-beta.thinkpro.vn/media/core/products/2023/4/18/lenovo-thinkbook-16-g5-01-thinkpro-Woa.png,https://thinkpro.vn/laptop/lenovo-thinkbook-16-g5-6662,"AMD AMD 7000, 8C/16T",16GB LPDDR5 4800MHz,512GB (M.2 NVMe),AMD Radeon 680M,"16 inch, 2560 x 1600px, 60Hz","Mới, Full box, Nhập khẩu",Storm Grey,1.8kg,Battery,LENOVO
