Name,Price,URL,CPU,Ram,Storage,Graphics,Display,Status
Dell latitude E7270,Liên hệ,https://techcare.vn/san-pham/dell-latitude-e7270-i3/,Core i3-6006U,8 GB,SSD 256GB,Intel HD Graphics 520,12.5 inch HD,99%
Dell Precision 7530,14.800.000,https://techcare.vn/san-pham/dell-precision-7530/,Core i7-8750H,8 GB,SSD 256GB,Nvidia Quadro P1000 4GB,15.6 inch Full HD,99%
Lenovo ThinkPad P52,16.800.000,https://techcare.vn/san-pham/lenovo-thinkpad-p52/,Core i7-8750H,16 GB,SSD 256GB,Nvidia Quadro P1000 4GB,15.6 inch Full HD,99%
HP Probook 450 G5,6.800.000,https://techcare.vn/san-pham/hp-probook-450-g5/,Core i5-7200U,8 GB, HDD 500GB + SSD 120GB,Intel HD Graphics 620,15.6 inch HD,99%
Hp Elitebook 840 G5,7.500.000,https://techcare.vn/san-pham/hp-elitebook-840-g5-core-i5/,Core i5-7300U,8 GB,SSD 256GB,Intel HD Graphics 620,14 inch Full HD,99%
Dell Precision M5510,11.500.000,https://techcare.vn/san-pham/dell-precision-m5510/,Core i7-6820HQ,,,Nvidia Quadro M1000,15.6 inch Full HD,99%
Dell Precision 7510,Liên hệ,https://techcare.vn/san-pham/dell-precision-7510/,Core i7-6820HQ,,,Nvidia Quadro M1000,15.6 inch Full HD,99%
Dell Latitude 7490,7.200.000,https://techcare.vn/san-pham/dell-latitude-7490/, Core i5-8250U,8 GB,SSD 256GB,Intel HD Graphics 620,14 inch Full HD,99%
Dell Latitude E7470,Liên hệ,https://techcare.vn/san-pham/laptop-dell-latitude-e7470-core-i5-6300u-card-intel-hd-graphics-520/,Core i5-6300U,8 GB,SSD 256GB,Intel HD Graphics 520,14 inch HD,99%
HP Zbook 15U G3,9.900.000,https://techcare.vn/san-pham/hp-zbook-15u-g3/,Core i7-6500U,8 GB,SSD 256GB,AMD FirePro W4190M,15.6 inch Full HD,99%
Dell Latitude E5470,4.200.000,https://techcare.vn/san-pham/laptop-cu-dell-latitude-e5470-core-i5-6300u-card-intel-hd-graphics-520/,Core i3-6100U,8 GB,SSD 128GB,Intel HD Graphics 520,14 inch HD,99%
Lenovo ThinkPad T440s,4.900.000,https://techcare.vn/san-pham/lenovo-thinkpad-t440s/,Core i5-4300U,4 GB,SSD 120GB,Intel HD Graphics 4400,14 inch HD,99%
Dell Latitude E7240,4.500.000,https://techcare.vn/san-pham/laptop-cu-dell-latitude-e7240-i5-intel-hd-graphics-family/,Core i5-4300U,4 GB,SSD 128GB,Intel HD Graphics 4400,12.5 inch HD,99%
Dell latitude E7440,4.300.000,https://techcare.vn/san-pham/dell-latitude-e7440-i3/,Core i3-4010U,4 GB,SSD 120GB,Intel HD Graphics 4400,14 inch HD,99%
Dell G3 3579,11.900.000,https://techcare.vn/san-pham/dell-g3-3579/,Core i5-8300H,8 GB,SSD 128GB + SSD 256GB,Nvidia Geforce GTX 1050Ti,15.6 inch Full HD,99%
Dell Inspiron 7559,7.900.000,https://techcare.vn/san-pham/laptop-gaming-dell-inspiron-7559-cu-core-i5-6300hq-nvidia-geforce-gtx-960m/,Core i5-6300HQ,4 GB,SSD 120GB,Nvidia GTX 960M 4GB,15.6 inch Full HD,99%
Dell XPS 13 9360,11.900.000,https://techcare.vn/san-pham/dell-xps-13-9360-corei5/,Core i5-7200U,8 GB,SSD 256GB,Intel HD Graphics 620,13.3 inch Full HD,99%
Lenovo Thinkpad T480s,8.900.000,https://techcare.vn/san-pham/lenovo-thinkpad-t480s-20l7s00t00/, Core i5-8250U,8 GB,SSD 256GB,Intel HD Graphics 620,14 inch Full HD,99%
Dell Latitude E7450,5.900.000,https://techcare.vn/san-pham/dell-latitude-e7450-corei5/,Core i5-5300U,4 GB,SSD 120GB,Intel HD Graphics 5500,14 inch HD,99%
Dell G3 3590,Liên hệ,https://techcare.vn/san-pham/dell-g3-3590-core-i5/,Core i5-9300H,8 GB,SSD 256GB,NVIDIA GeForce GTX 1050,15.6 inch Full HD,99%
Dell Inspiron 3542,Liên hệ,https://techcare.vn/san-pham/dell-inspiron-3542/,,,,,,
HP Probook 6560B,3.900.000,https://techcare.vn/san-pham/laptop-hp-probook-6560b/,Core i5-2520M,4 GB,SSD 120GB,Intel HD Graphics 3000,15.6 inch HD,99%
HP Elitebook 840 G2,Liên hệ,https://techcare.vn/san-pham/hp-elitebook-840-g2-core-i5-5300u-intel-hd-graphics-5500/,Core i5-5300U,4 GB,SSD 120GB,Intel HD Graphics 5500,14 inch HD,99%
Dell Latitude E7270,Liên hệ,https://techcare.vn/san-pham/dell-latitude-e7270-i5/,Core i5-6200U,8 GB,SSD 240GB,Intel HD Graphics 520,12.5 inch HD,99%
Dell Latitude E5580,4.900.000,https://techcare.vn/san-pham/dell-latitude-e5580/,Core i3-7100U,8 GB,SSD 256GB,Intel HD Graphics 620,15.6 inch HD,99%
Dell Latitude 7280,5.500.000,https://techcare.vn/san-pham/dell-latitude-7280-i5/,Core i5-6300U,4 GB,SSD 120GB,Intel HD Graphics 620,12 inch HD,99%
Dell Latitude E7480,Liên hệ,https://techcare.vn/san-pham/dell-latitude-e7480-i5/,Core i5-6200U,8 GB,SSD 240GB,Intel HD Graphics 520,14 inch Full HD,99%
Dell Inspiron 5577,8.900.000,https://techcare.vn/san-pham/dell-inspiron-5577-i5/,Core i5-7300HQ,8 GB,SSD 120GB,NVIDIA GeForce GTX 1050,15.6 inch Full HD,99%
Dell Latitude E5440,4.500.000,https://techcare.vn/san-pham/dell-latitude-e5440-core-i5-4310u-intel-hp-graphics/,Core i5-4200U,4 GB,SSD 120GB,Intel HD Graphics 4400,14 inch HD,99%
Dell Latitude E7250,4.700.000,https://techcare.vn/san-pham/dell-latitude-e7250/,Core i5-5300U,4 GB,SSD 120GB,Intel HD Graphics 5500,12.5 inch HD,99%
Dell Latitude E5450,4.300.000,https://techcare.vn/san-pham/laptop-dell-latitude-e5450-cu/,Core i3-5010U,4 GB,SSD 120GB,Intel HD Graphics 5500,14 inch HD,99%
HP Elitebook 840 G3,Liên hệ,https://techcare.vn/san-pham/hp-elitebook-840-g3-i5/,Core i5-6300U,8 GB,SSD 240GB,Intel HD Graphics 520,14 inch HD,99%
Dell Latitude 5400,8.500.000,https://techcare.vn/san-pham/dell-latitude-5400/,Core i5-8365U,8 GB,SSD 256GB,Intel HD Graphics 620,14 inch HD,99%
Lenovo ThinkPad T480,7.700.000,https://techcare.vn/san-pham/lenovo-thinkpad-t480/, Core i5-8250U,8 GB,SSD 256GB,Intel HD Graphics 620,14 inch Full HD,99%
Dell Latitude E7390,6.900.000,https://techcare.vn/san-pham/dell-latitude-e7390/,Core i5-8350U,8 GB,SSD 256GB,Intel HD Graphics 620,13.3 inch Full HD,99%
Dell Latitude E5480,5.900.000,https://techcare.vn/san-pham/dell-latitude-e5480/,Core i5-6300U,8 GB,SSD 128GB,Intel HD Graphics,14 inch HD,99%
Dell Latitude E6540,5.900.000,https://techcare.vn/san-pham/laptop-dell-latitude-e6540-core-i5-4300m-amd-radeon-hd-8790/,Core i5-4200M,4 GB,SSD 120GB,Intel Graphics 4600,15.6 inch HD,99%
Dell Latitude 5300,7.900.000,https://techcare.vn/san-pham/dell-latitude-5300/,Core i5-8265U,8 GB,SSD 128GB,Intel HD Graphics 620,13.3 inch Full HD,99%
Surface Laptop 2,10.900.000,https://techcare.vn/san-pham/surface-laptop-2/, Core i5-8250U,8 GB,SSD 256GB,Intel HD Graphics 620,13.5 inch 2K cảm ứng,99%
Dell Vostro 5459,9.200.000,https://techcare.vn/san-pham/dell-vostro-5459/,Core i5-6200U,8 GB,SSD 240GB,AMD ATI Radion R5M335,14 inch HD,99%
Surface Pro 4,10.500.000,https://techcare.vn/san-pham/microsoft-surface-pro-4/,Core i5-6200U,8 GB,SSD 256GB,Intel HD Graphics 520,12.3 inch 2K+,99%
Surface Pro 6,18.900.000,https://techcare.vn/san-pham/surface-pro-6/,Core i7-8650U,16 GB,SSD 1TB,Intel HD Graphics 520,12.3 inch 2K+,99%
HP Spectre x360,15.500.000,https://techcare.vn/san-pham/hp-spectre-x360/,Core i7-8550U,8 GB,SSD 512GB,Nvidia Geforce MX150 2GB,15.6 inch 4K,99%
Dell Inspiron 7460,Liên hệ,https://techcare.vn/san-pham/laptop-dell-inspiron-7460-i7-7500u-card-roi-nvidia-geforce-940/,Core i5-7200U,8 GB,SSD 256GB,Intel HD Graphics 620,14 inch Full HD,99%
Dell Precision 5540,16.500.000,https://techcare.vn/san-pham/dell-precision-5540/,Core i7-9750H,16 GB,SSD 256GB,Nvidia Quadro T1000 4GB,15.6 inch Full HD,99%
Dell Precision M5530,15.500.000,https://techcare.vn/san-pham/dell-precision-m5530/,Core i7-8850H,16 GB,SSD 512GB,Nvidia Quadro P1000 4GB,15.6 inch Full HD,99%
Dell Precision M5520,13.400.000,https://techcare.vn/san-pham/dell-precision-m5520/,Core i7-7820HQ,8 GB,SSD 256GB,Nvidia Quadro M1200M 4GB,15.6 inch Full HD,99%
Dell Precision M7720,14.900.000,https://techcare.vn/san-pham/dell-precision-m7720/,Core i7-7820HQ,16 GB,SSD 256GB,NVIDIA Quadro P3000,17.3 inch Full HD,99%
Lenovo ThinkPad W541,13.900.000,https://techcare.vn/san-pham/lenovo-thinkpad-w541/,Core i7-4800MQ,8 GB,SSD 256GB,Nvidia Quadro K1100M,15.6 inch Full HD,99%
HP Probook 640 G2,6.400.000,https://techcare.vn/san-pham/hp-probook-640-g2/,Core i5-6300U,4 GB,SSD 120GB,Intel HD Graphics 520,14 inch HD,99%
Dell Precision 3520,12.400.000,https://techcare.vn/san-pham/dell-precision-3520-i7/,Core i5-7300HQ,8 GB,SSD 256GB,Nvidia Quadro M620,15.6 inch Full HD,99%
Dell Precision 7520,10.900.000,https://techcare.vn/san-pham/dell-precision-7520-i7/,Core i7-6820HQ,8 GB,SSD 256GB,Nvidia Quadro M1200 ,15.6 inch Full HD,99%
Dell Precision 3510,10.900.000,https://techcare.vn/san-pham/dell-precision-3510-core-i5/,Core i5-6300HQ,4 GB,SSD 120GB,AMD FirePro W5130M,15.6 inch Full HD,99%
Lenovo ThinkPad T450s,5.400.000,https://techcare.vn/san-pham/lenovo-thinkpad-t450s/,Core i5-5300U,4 GB,SSD 120GB,Intel HD Graphics 5500,14 inch HD,99%
HP ProBook 640 G1,4.900.000,https://techcare.vn/san-pham/hp-probook-640-g1/,Core i3-4000M,4 GB,SSD 120GB,Intel Graphics 4600,14 inch HD,99%
Lenovo ThinkPad P50,10.800.000,https://techcare.vn/san-pham/lenovo-thinkpad-p50/,Core i7-6820HQ,8 GB,SSD 256GB,Nvidia Quadro M1000M 2GB,15.6 inch Full HD,99%
Dell Precision 7710,10.800.000,https://techcare.vn/san-pham/dell-precision-7710/,Core i7-6820HQ,16 GB,SSD 256GB,AMD FirePro W5170M,17.3 inch Full HD,99%
Dell G7 7591,18.800.000,https://techcare.vn/san-pham/dell-g7-7591/,Core i5-9300H,8 GB,SSD 512GB,NVIDIA GeForce GTX 1050,15.6 inch Full HD,99%
Dell Latitude 5510,11.900.000,https://techcare.vn/san-pham/dell-latitude-5510/,Core i5-10310U,8 GB,SSD 256GB,Intel UHD Graphics 650,15.6 inch Full HD,99%
HP Pavilion 15,17.700.000,https://techcare.vn/san-pham/pavilion-gaming-15-cx0177tx-i5/,Core i5-9300H,8 GB,SSD 256GB,NVIDIA GeForce GTX 1050,15.6 inch Full HD,99%
Dell inspiron 7567,17.400.000,https://techcare.vn/san-pham/dell-inspiron-7567-i7/,Core i7-7700HQ,8 GB,HDD 1TB + SSD 120GB,NVIDIA GeForce GTX 1050,15.6 inch Full HD,99%
Dell inspiron 5577,11.900.000,https://techcare.vn/san-pham/dell-inspiron-5577/,Core i7-7700HQ,8 GB, HDD 500GB + SSD 120GB,NVIDIA GeForce GTX 1050,15.6 inch Full HD,99%
Dell g3 3579,12.200.000,https://techcare.vn/san-pham/dell-g3-3579-core-i7/,Core i7-8750H,8 GB, HDD 500GB + SSD 120GB,NVIDIA GeForce GTX 1050,15.6 inch Full HD,99%
Dell Inspiron 7567,9.900.000,https://techcare.vn/san-pham/dell-inspiron-7567-i5/,Core i5-7300HQ,8 GB, HDD 500GB + SSD 120GB,NVIDIA GeForce GTX 1050,15.6 inch Full HD,99%
Dell inspiron 7559,9.500.000,https://techcare.vn/san-pham/dell-inspiron-7559-i7/,Core i7-6700HQ,8 GB, HDD 500GB + SSD 120GB,Nvidia GTX 960M 4GB,15.6 inch Full HD,99%
,Liên hệ,https://techcare.vn/laptop-cu/laptop-asus-cu/,,,,,,
Lenovo Thinkpad P51,12.800.000,https://techcare.vn/san-pham/lenovo-thinkpad-p51/,Core i7-7700HQ,8 GB,SSD 256GB,Nvidia Quadro M1200 ,15.6 inch Full HD,99%
Dell Precision 7540,20.500.000,https://techcare.vn/san-pham/dell-precision-7540/,Core i7-9750H,8 GB,SSD 256GB,Nvidia Quadro T1000 4GB,15.6 inch Full HD,99%
Dell G7 7588,17.900.000,https://techcare.vn/san-pham/dell-g7-7588-core-i5/,Core i5-8300H,8 GB,HDD 1TB + SSD 128GB,Nvidia GTX 1050Ti,15.6 inch Full HD,99%
Lenovo ThinkPad P15,23.900.000,https://techcare.vn/san-pham/lenovo-thinkpad-p15/,Core i7-10850H,16 GB,SSD 512GB,Nvidia Quadro T1000 4GB,15.6 inch Full HD,99%
HP Zbook 15 G6,21.900.000,https://techcare.vn/san-pham/hp-zbook-15-g6/,Core i7-9750H,16 GB,SSD 512GB,Nvidia Quadro T1000 4GB,15.6 inch Full HD,99%
Lenovo ThinkPad P53,20.500.000,https://techcare.vn/san-pham/lenovo-thinkpad-p53/,Core i7-9750H,16 GB,SSD 256GB,Nvidia Quadro T1000 4GB,15.6 inch Full HD,99%
Dell precision 7550,26.000.000,https://techcare.vn/san-pham/dell-precision-7550-xeon/,Xeon W-10855M,16 GB,SSD 512GB,Nvidia Quadro T1000 4GB,15.6 inch Full HD,99%
Dell Precision 7740,29.400.000,https://techcare.vn/san-pham/dell-precision-7740/,Core i5-9400H,16 GB,SSD 512GB,Nvidia Quadro RTX3000 6GB,17.3 inch Full HD,99%
Dell Inspiron G5 5587,18.900.000,https://techcare.vn/san-pham/dell-inspiron-g5-5587/,Core i7-8750H,8 GB,HDD 1TB + SSD 128GB,Nvidia Geforce GTX 1050Ti,15.6 inch Full HD,99%
Dell Precision 7730,29.500.000,https://techcare.vn/san-pham/dell-precision-7730/,Core i7-8850H,32GB,SSD 512GB,Nvidia Quadro P3200 6GB +  Intel UHD Graphics 630 ,17.3 inch Full HD,99%
Dell Precision 7750,43.400.000,https://techcare.vn/san-pham/dell-precision-7750/,Core i7-10750H,16 GB,SSD 512GB,Nvidia Quadro RTX3000 6GB,17.3 inch Full HD,99%
Lenovo Thinkpad P1,35.900.000,https://techcare.vn/san-pham/lenovo-thinkpad-p1-i7/,Core i7-8850H,16 GB,SSD 512GB,Nvidia Quadro P2000 4GB,15.6 inch Full HD,99%
Lenovo X1 Carbon Gen 3,12.900.000,https://techcare.vn/san-pham/lenovo-thinkpad-x1-carbon-gen3/, Core i7-5600U,8 GB,SSD 240GB,Intel HD Graphics 5500,14 inch Full HD,99%
Dell Inspiron 7447,8.600.000,https://techcare.vn/san-pham/dell-inspiron-7447-i5/,Core i5 4210H,4 GB,SSD 120GB,Nvidia Geforce GTX 850M,14 inch HD,99%
Surface Pro X,23.500.000,https://techcare.vn/san-pham/surface-pro-x/,Microsoft SQ1,16 GB,SSD 512GB,Microsoft SQ1 Adreno 685,13 inch (2880x1920) pixels,99%
Surface Book 2,20.900.000,https://techcare.vn/san-pham/microsoft-surface-book-2/,Core i7-8650U,16 GB,SSD 512GB,NVIDIA GeForce GTX 1050,13.5 inch 3K,99%
Dell XPS 13-9360,14.900.000,https://techcare.vn/san-pham/laptop-dell-xps-13-9360-core-i7-7500u-intel-hd-graphics-620/,Core i7-7600U,8 GB,SSD 256GB,Intel HD Graphics 620,13.3 inch Full HD,99%
Lenovo Carbon Gen 6,16.500.000,https://techcare.vn/san-pham/lenovo-thinkpad-x1-carbon-gen-6-core-i5/, Core i5-8250U,8 GB,SSD 256GB,Intel HD Graphics 620,14 inch Full HD,99%
Dell XPS 15 9570,16.500.000,https://techcare.vn/san-pham/dell-xps-15-9570/,Core i7-8750H,16 GB,SSD 512GB,Nvidia GTX 1050Ti 4GB + Intel UHD Graphics 630,15.6 inch Full HD,99%
Dell XPS 13 9380,Liên hệ,https://techcare.vn/san-pham/dell-xps-13-9380/,Core i5-8265U,8 GB,SSD 256GB,Intel HD Graphics 620,13.3 inch Full HD,99%
HP Folio 1040 G2,8.800.000,https://techcare.vn/san-pham/hp-elitebook-folio-1040-g2/,Core i5-5300U,4 GB,SSD 120GB,Intel HD Graphics 5500,14 inch HD,99%
Dell XPS 15 9560,13.500.000,https://techcare.vn/san-pham/dell-xps-15-9560-i5/,Core i5-7300HQ,8 GB,SSD 256GB,NVIDIA GeForce GTX 1050,15.6 inch Full HD,99%
Lenovo Thinkpad T460,10.300.000,https://techcare.vn/san-pham/lenovo-thinkpad-t460/,Core i5-6300U,8 GB,SSD 120GB,Intel HD Graphics 520,14 inch HD,99%
Lenovo X1 Carbon Gen 4,8.900.000,https://techcare.vn/san-pham/lenovo-thinkpad-x1-carbon-gen-4/,Core i5-6200U,8 GB,SSD 240GB,Intel HD Graphics 520,14 inch Full HD,99%
Dell XPS 15 9550,14.900.000,https://techcare.vn/san-pham/dell-xps-15-9550/,Core i7-6700HQ,16 GB,SSD 512GB,Nvidia GeForce GTX 960M + Intel HD Graphics 530,15.6 inch Full HD,99%
Dell Latitude 3490,4.900.000,https://techcare.vn/san-pham/dell-latitude-3490/,Core i3-7020U,4 GB,SSD 128GB,Intel Graphics HD,14 inch HD,99%
HP Elitebook 840 G1,5.300.000,https://techcare.vn/san-pham/hp-elitebook-840-g1-core-i5-4300u-intel-hd-graphics-4400/,Core i5-4300U,4 GB,SSD 120GB,Intel HD Graphics 4400,14 inch HD,99%
Lenovo x1 Yoga Gen 3,25.900.000,https://techcare.vn/san-pham/lenovo-thinkpad-x1-yoga-gen-3/,Core i7-8550U,8 GB,SSD 256GB,Intel HD Graphics 620,14 inch 2K cảm ứng,99%
Lenovo ThinkPad T470s,7.400.000,https://techcare.vn/san-pham/lenovo-thinkpad-t470s/,Core i5-6300U,8 GB,SSD 256GB,Intel HD Graphics 620,14 inch Full HD,99%
Dell Latitude E5540,4.900.000,https://techcare.vn/san-pham/dell-latitude-e5540-i5/,Core i3-4005U,4 GB,SSD 120GB,Intel HD Graphics 4400,15.6 inch HD,99%
Dell XPS 13 9350,12.500.000,https://techcare.vn/san-pham/laptop-cu-dell-xps-13-9350-core-i3-6100u-intel-hd-graphics-520/,Core i7-6560U,8 GB,SSD 256GB,Intel HD Graphics 540,13.3 inch Full HD,99%
Dell Latitude 7290,10.900.000,https://techcare.vn/san-pham/dell-latitude-7290/,Core i5-7300U,8 GB,SSD 256GB,Intel HD Graphics 620,12.5 inch HD,99%
Lenovo X1 Carbon Gen 5,10.700.000,https://techcare.vn/san-pham/lenovo-thinkpad-x1-carbon-gen-5/,Core i5-6300U,8 GB,SSD 256GB,Intel HD Graphics 620,14 inch Full HD,99%
Dell Latitude E6440,Liên hệ,https://techcare.vn/san-pham/laptop-cu-dell-latitude-e6440-core-i5-4200m-intel-hd-graphics-4600/,Core i5-4200M,4 GB,SSD 120GB,Intel Graphics 4600,14 inch HD,99%
Dell Latitude E7300,Liên hệ,https://techcare.vn/san-pham/dell-latitude-e7300/, Core i5-8250U,8 GB,SSD 256GB,Intel HD Graphics 620,13.3 inch Full HD,99%
Dell Xps 13 9350,10.600.000,https://techcare.vn/san-pham/dell-xps-13-9350/,Core i5-6200U,4 GB,SSD 128GB,Intel HD Graphics 520,13.3 inch Full HD,99%
HP Probook 450 G1,5.200.000,https://techcare.vn/san-pham/laptop-cu-hp-probook-450-g1-core-i5-4200m-vga-2gb-amd-radeon-hd-8750m/,Core i3-4000M,4 GB,SSD 120GB,Intel Graphics 4600,15.6 inch HD,
Dell XPS 13 9365,Liên hệ,https://techcare.vn/san-pham/dell-xps-13-9365/,,,,,,
Dell XPS 13 9370,13.900.000,https://techcare.vn/san-pham/dell-xps-13-9370/, Core i5-8250U,8 GB,SSD 256GB,Intel HD Graphics 620,13.3 inch Full HD,99%
HP Elitebook 9480m,6.900.000,https://techcare.vn/san-pham/laptop-hp-elitebook-folio-9480m-core-i5-4310u-intel-hd-graphics-4000/,Core i5-4300U,4 GB,SSD 120GB,Intel HD Graphics 4400,14 inch HD,99%
HP Probook 340 G4,9.200.000,https://techcare.vn/san-pham/hp-probook-340-g4/,Core i5-7200U,4 GB,SSD 120GB,AMD R5 M330,14 inch HD,99%
HP Elitebook 745 G4,6.900.000,https://techcare.vn/san-pham/hp-eitebook-745-g4/,AMD PRO A10-8730B,4 GB,SSD 120GB,AMD Radeon R5,14 inch Full HD,99%
Dell Precison M4800,Liên hệ,https://techcare.vn/san-pham/dell-precison-m4800-i7-nvidia-quadro-k1100m-chien-binh-thep-game-hoa/,Core i7-4800MQ,8 GB,SSD 256GB,Nvidia Quadro K1100M,15.6 inch Full HD,99%
HP Zbook 17 G1,Liên hệ,https://techcare.vn/san-pham/hp-zbook-17-g1/,,,,,,
HP ZBook 15 G4,Liên hệ,https://techcare.vn/san-pham/hp-zbook-15-g4/,Core i7-7700HQ,8 GB,SSD 256GB,Nvidia Quadro M2200,15.6 inch Full HD,99%
HP ZBook 15 G5,16.500.000,https://techcare.vn/san-pham/hp-zbook-15-g5/,Core i7-8750H,8 GB,SSD 256GB + HDD 500GB,Nvidia Quadro P1000 4GB,15.6 inch Full HD,99%
Dell Precision M6800,Liên hệ,https://techcare.vn/san-pham/dell-precision-m6800/,Core i7-4800MQ,8 GB, HDD 500GB + SSD 120GB,AMD FirePro M6100M,17.3 inch Full HD,99%
Dell precision 3510,13.900.000,https://techcare.vn/san-pham/dell-precision-3510/,Core i7-6820HQ,8 GB,SSD 240GB,AMD FirePro W5130M,15.6 inch Full HD,99%
HP Zbook 15 G3,Liên hệ,https://techcare.vn/san-pham/hp-zbook-15-g3/,Core i7-6820HQ,,,Nvidia Quadro M1000,15.6 inch Full HD,99%
HP Zbook 14U G5,8.900.000,https://techcare.vn/san-pham/hp-zbook-14u-g5/,Core i5-7200U,8 GB,SSD 256GB,Intel HD Graphics 620,14 inch Full HD,99%
HP Elitebook 840 G5,9.300.000,https://techcare.vn/san-pham/hp-elitebook-840-g5-corei7/,Core i7-8650U,8 GB,SSD 256GB,Intel HD Graphics 620,14 inch Full HD,99%
HP Zbook 15 G1,7.500.000,https://techcare.vn/san-pham/laptop-hp-zbook-15-g1-core-i7-4800mq-nvidia-quadro-k1100/,Core i7-4800MQ,8 GB,SSD 256GB,Nvidia Quadro K1100M,15.6 inch Full HD,99%
HP Zbook 15 G2,8.900.000,https://techcare.vn/san-pham/hp-zbook-15-g2/,Core i7-4810MQ,8 GB,SSD 256GB,Nvidia Quadro K1100M,15.6 inch Full HD,99%
HP Zbook 17 G4,24.900.000,https://techcare.vn/san-pham/hp-zbook-17-g4/,Core i7-7700HQ,16 GB,SSD 512GB,Nvidia Quadro P5000 16GB,17.3 inch Full HD,99%
Asus F560UD BQ055T,14.600.000,https://techcare.vn/san-pham/asus-f560ud-bq055t/, Core i5-8250U,8 GB,HDD 1TB,NVIDIA GeForce GTX 1050,15.6 inch Full HD,99%
HP Probook 430 G8,11.500.000,https://techcare.vn/san-pham/hp-probook-430-g8/,Core i5-1135G7,8 GB,SSD 256GB,Intel UHD Graphics,13.3 inch Full HD,99%
Dell Inspiron 5448,Liên hệ,https://techcare.vn/san-pham/laptop-dell-inspiron-5448-core-i5-5200u-card-hoa-roi-amd-radeon-r7-m265/,Core i5-5200U,4 GB,SSD 120GB,AMD Radeon R7 M265 2 GB,14 inch HD,99%
Dell Precision M6700,Liên hệ,https://techcare.vn/san-pham/dell-precision-m6700/,,,,,,
Dell inspiron 7447,9.600.000,https://techcare.vn/san-pham/dell-inspiron-7447-i7/,Core i7-4720HQ,8 GB, HDD 500GB + SSD 120GB,Nvidia Geforce GTX 850M,14 inch HD,99%
HP Elitebook 830 G6,7.500.000,https://techcare.vn/san-pham/laptop-hp-elitebook-830-g6/,Core i5-8365U,8 GB,SSD 256GB,Intel UHD Graphics,13 inch Full HD,99%
Dell Vostro 7580,21.000.000,https://techcare.vn/san-pham/dell-vostro-7580/,Core i7-8750H,8 GB,HDD 1TB + SSD 128GB,Nvidia Geforce GTX 1050Ti,15.6 inch Full HD,99%
Dell g7 7588,18.900.000,https://techcare.vn/san-pham/dell-g7-7588/,Core i7-8750H,8 GB,HDD 1TB + SSD 128GB,Nvidia GTX 1050Ti,15.6 inch Full HD,99%
Dell Latitude 5591,9.900.000,https://techcare.vn/san-pham/laptop-dell-latitude-5591/,Core i7-8750H,8 GB,SSD 256GB,Nvidia Geforce MX130 2GB,15.6 inch Full HD,99%
Dell g3 3590,16.500.000,https://techcare.vn/san-pham/dell-g3-3590-core-i7/,Core i7-9750H,8 GB,HDD 1TB + SSD 120GB,Nvidia GeForce GTX 1650 4GB,15.6 inch Full HD,99%
Lenovo Thinkpad T460s,6.800.000,https://techcare.vn/san-pham/lenovo-thinkpad-t460s-i5/,Core i5-6200U,8 GB,SSD 240GB,Intel HD Graphics 520,14 inch Full HD,99%
Dell Latitude 7400,8.500.000,https://techcare.vn/san-pham/dell-latitude-7400/,Core i5-8365U,8 GB,SSD 256GB,Intel HD Graphics 620,14 inch Full HD,99%
Dell Latitude 3380,7.500.000,https://techcare.vn/san-pham/dell-latitude-3380/,Core i3-6006U,4 GB,SSD 128GB,Intel HD Graphics 520,13.3 inch HD,99%
Lenovo K21-80,7.200.000,https://techcare.vn/san-pham/lenovo-k21-80/,Core i3-6100U,4 GB,SSD 120GB,Intel HD Graphics 520,12.5 inch HD,99%
Lenovo X1 Yoga Gen 3,23.900.000,https://techcare.vn/san-pham/lenovo-x1-yoga-gen-3-20lds00l00-i5/, Core i5-8250U,8 GB,SSD 256GB,Intel HD Graphics 620,14 inch 2K cảm ứng,99%
HP Elitebook 840 G4,8.200.000,https://techcare.vn/san-pham/hp-elitebook-840-g4/,Core i5-7200U,8 GB,SSD 256GB,Intel HD Graphics 620,14 inch Full HD,99%
Lenovo X1 Carbon Gen 6,17.200.000,https://techcare.vn/san-pham/lenovo-thinkpad-x1-carbon-gen-6-20khs01900-i7/,Core i7-8550U,8 GB,SSD 256GB,Intel HD Graphics 620,14 inch Full HD,99%
Lenovo Thinkpad X280,14.900.000,https://techcare.vn/san-pham/lenovo-thinkpad-x280-20kfs01900/, Core i5-8250U,8 GB,SSD 256GB,Intel HD Graphics 620,12.5 inch HD,99%
HP EliteBook 840 G6,9.200.000,https://techcare.vn/san-pham/hp-elitebook-840-g6/,Core i5-8350U,8 GB,SSD 256GB,Intel HD Graphics 620,14 inch Full HD,99%
HP Probook 440 G5,7.900.000,https://techcare.vn/san-pham/hp-probook-440-g5/, Core i5-8250U,8 GB,SSD 256GB,Intel HD Graphics 620,14 inch Full HD,99%
Dell Latitude 3450,8.500.000,https://techcare.vn/san-pham/dell-latitude-3450/,Core i5-5200U,4 GB,SSD 120GB,Intel HD Graphics 5500,14 inch HD,99%
Lenovo Thinkpad x280,20.500.000,https://techcare.vn/san-pham/lenovo-thinkpad-x280-20kfs01boo-i7/,Core i7-8550U,8 GB,SSD 256GB,Intel HD Graphics 620,12.5 inch HD,99%
HP ProBook 640 G3,10.500.000,https://techcare.vn/san-pham/hp-probook-640-g3/,Core i5-7200U,8 GB,SSD 240GB,Intel HD Graphics 620,14 inch HD,99%
Lenovo K43c-80,9.800.000,https://techcare.vn/san-pham/lenovo-k43c-80/,Core i3-8130U,8 GB,HDD 1TB + SSD 120GB,Intel HD Graphics 620,14 inch Full HD,99%
HP Probook 640 G7,9.900.000,https://techcare.vn/san-pham/laptop-hp-probook-640-g7/,Core i5-10210U,8 GB,SSD 256GB,Intel HD Graphics 620,14 inch Full HD,99%
HP Probook 450 G3,8.600.000,https://techcare.vn/san-pham/hp-probook-450-g3/,Core i3-6100U,4 GB,SSD 120GB,Intel HD Graphics 520,15.6 inch HD,99%
Dell Vostro 3549,Liên hệ,https://techcare.vn/san-pham/dell-vostro-3549-i5-5200u-nvidia-geforce-820m/,Core i5-5200U,4 GB,SSD 120GB,Nvidia GeForce 820M,15.6 inch HD,99%
Dell Latitude 3470,5.900.000,https://techcare.vn/san-pham/dell-latitude-3470/,Core i5-6200U,8 GB,SSD 256GB,Intel HD Graphics 520,14 inch HD,99%
Lenovo Thinkpad X270,8.600.000,https://techcare.vn/san-pham/lenovo-thinkpad-x270-i5/,Core i5-7200U,4 GB,SSD 120GB,Intel HD Graphics 520,12.5 inch Full HD,99%
Dell Latitude 3400,10.500.000,https://techcare.vn/san-pham/dell-latitude-3400/,Core i7-8565U,8 GB,SSD 256GB,Nvidia MX130,14 inch Full HD,99%
HP Probook 440 G6,Liên hệ,https://techcare.vn/san-pham/hp-probook-440-g6-6fg85pa-i5/,Core i5-8265U,8 GB,SSD 256GB,Intel HD Graphics 620,14 inch Full HD,99%
HP Probook 650 G2,8.400.000,https://techcare.vn/san-pham/hp-probook-650-g2/,Core i5-6200U,4 GB,SSD 128GB,Intel HD Graphics 520,15.6 inch HD,99%
MacBook Air M1 2020,17.900.000,https://techcare.vn/san-pham/macbook-air-m1-2020/,Apple M1,8 GB,SSD 256GB,Intel Iris Plus Graphics,13.3 inch (2560x1600)pixel,99%
Dell Latitude 5490,5.900.000,https://techcare.vn/san-pham/dell-latitude-5490/,Core i5-7200U,8 GB,SSD 128GB,Intel HD Graphics 620,14 inch Full HD,99%
Dell Latitude E5590,6.800.000,https://techcare.vn/san-pham/dell-latitude-e5590/,Core i5-7300U,8 GB,SSD 256GB,Intel HD Graphics,15.6 inch HD,99%
HP Probook 650 G1,4.900.000,https://techcare.vn/san-pham/hp-probook-650-g1-2/,Core i3-4000M,4 GB,SSD 120GB,Intel Graphics 4600,15.6 inch HD,99%
Dell Latitude E5550,7.500.000,https://techcare.vn/san-pham/dell-latitude-e5550-i5/,Core i3-5010U,4 GB,SSD 120GB,Intel HD Graphics 5500,15.6 inch HD,99%
HP Elitebook 9470m,Liên hệ,https://techcare.vn/san-pham/laptop-hp-elitebook-folio-9470m-core-i5-3427u-intel-hd-graphics-4000/,Core i5-3427U,4 GB,SSD 120GB,Intel HD Graphics 4000,14 inch HD,99%
Lenovo Yoga S1,8.800.000,https://techcare.vn/san-pham/lenovo-yoga-s1-i5/,Core i5-4200U,8 GB,SSD 240GB,Intel HD Graphics 4400,12.5 Inch Full HD cảm ứng,99%
Dell Latitude E5570,Liên hệ,https://techcare.vn/san-pham/dell-latitude-e5570/,Core i5-6200U,8 GB,SSD 240GB,Intel HD Graphics 520,15.6 inch HD,99%
Dell Latitude E5530,5.300.000,https://techcare.vn/san-pham/dell-latitude-e5530-i5-intel-hd-graphics-4000/,Core i5-3320M,4 GB,SSD 120GB,Intel HD Graphics 4000,15.6 inch HD,99%
Dell Latitude E5430,Liên hệ,https://techcare.vn/san-pham/dell-latitude-e5430-i5-intel-hd-graphics-4000/,Core i5-3320M,4 GB,SSD 128GB,Intel HD Graphics 4000,14 inch HD,99%
Lenovo Thinkpad X260,8.500.000,https://techcare.vn/san-pham/lenovo-thinkpad-x260/,Core i5-6300U,4 GB,SSD 120GB,Intel HD Graphics 520,12.5 inch HD,99%
HP Elitebook 1040 G3,Liên hệ,https://techcare.vn/san-pham/hp-elitebook-1040-g3/,Core i5-6300U,8 GB,SSD 256GB,Intel HD Graphics 520,14 inch Full HD,99%
Dell Latitude E7440,4.800.000,https://techcare.vn/san-pham/dell-latitude-e7440-i5-intel-hd-graphics-family/,Core i5-4300U,4 GB,SSD 120GB,Intel HD Graphics 4400,14 inch HD,99%
Dell Latitude E3570,6.500.000,https://techcare.vn/san-pham/dell-latitude-e3570-i5/,Core i3-6100U,4 GB,SSD 120GB,Intel HD Graphics 520,15.6 inch HD,99%
Dell Latitude e7240,6.500.000,https://techcare.vn/san-pham/dell-latitude-e7240/,Core i7-4600U,4 GB,SSD 120GB,Intel HD Graphics 4400,12.5 inch HD,99%
Dell latitude 3560,4.900.000,https://techcare.vn/san-pham/dell-latitude-3560-i3/,Core i3-5005U,4 GB,SSD 120GB,Intel HD Graphics 5500,15.6 inch HD,99%
Dell Latitude E3460,6.200.000,https://techcare.vn/san-pham/dell-latitude-e3460/,Intel Celeron 3215U,4 GB,SSD 120GB,Intel HD Graphics 4400,14 inch HD,99%
HP EliteBook 830 G5,7.500.000,https://techcare.vn/san-pham/hp-elitebook-830-g5-core-i5/, Core i5-8250U,8 GB,SSD 256GB,Intel HD Graphics 620,13.3 inch Full HD,99%
HP Omen 15T (2018),Liên hệ,https://techcare.vn/san-pham/hp-omen-15t/,,,,,,
Lenovo Thinkpad E490,Liên hệ,https://techcare.vn/san-pham/lenovo-thinkpad-e490/,,,,,,
Dell Latitude 5480,9.900.000,https://techcare.vn/san-pham/dell-latitude-5480/,Core i7-7600U,8 GB,SSD 120GB,Intel HD Graphics,14 inch Full HD,99%
HP Probook 4530s,Liên hệ,https://techcare.vn/san-pham/hp-probook-4530s-i5-2/,,,,,,
HP Omen 15,Liên hệ,https://techcare.vn/san-pham/hp-omen-15-i5/,,,,,,
HP 440 G6 5YM64PA,Liên hệ,https://techcare.vn/san-pham/hp-probook-440-g6-5ym64pa-i5/,,,,,,
Dell Latitude 3560,5.900.000,https://techcare.vn/san-pham/dell-latitude-3560/,Core i5-5200U,4 GB,SSD 120GB,Intel HD Graphics 5500,15.6 inch HD,99%
Lenovo Legion Y720,Liên hệ,https://techcare.vn/san-pham/lenovo-legion-y720/,,,,,,
HP Probook 450 G2,4.900.000,https://techcare.vn/san-pham/laptop-hp-probook-450-g2-core-i5-4210u-intel-hd-graphics-4400/,Core i3-4030U,4 GB,SSD 120GB,Intel HD Graphics 4400,15.6 inch HD,99%
HP EliteBook 1050 G1,38.290.000,https://techcare.vn/san-pham/hp-elitebook-1020-g1-i5/,Core i5-8300H,16 GB,SSD 512GB,NVIDIA GeForce GTX 1050,15.6 inch Full HD,100 %
HP omen 15T (2018),Liên hệ,https://techcare.vn/san-pham/hp-omen-15t-core-i5/,,,,,,
HP Probook 430 G3,8.300.000,https://techcare.vn/san-pham/hp-probook-430-g3-i5/,Core i3-6100U,4 GB,SSD 120GB,Intel HD Graphics 520,13.3 inch HD,99%
Dell Latitude e7470,7.500.000,https://techcare.vn/san-pham/dell-latitude-e7470/,Core i7-6600U,8 GB,SSD 240GB,Intel HD Graphics 520,14 inch Full HD,99%
Hp EliteBook 830 G5,8.200.000,https://techcare.vn/san-pham/hp-elitebook-830-g5/,Core i7-8550U,8 GB,SSD 256GB,Intel HD Graphics 620,13.3 inch Full HD,99%
Dell Latitude 5520,Liên hệ,https://techcare.vn/san-pham/laptop-dell-5520-cu-core-i5/,,,,,,
Dell Latitude E6430S,Liên hệ,https://techcare.vn/san-pham/dell-latitude-e6430s-i5-intel-hd-graphics-4000/,,,,,,
Dell Latitude E5491,Liên hệ,https://techcare.vn/san-pham/dell-latitude-e5491/,,,,,,
Dell latitude E5440,Liên hệ,https://techcare.vn/san-pham/dell-latitude-e5440/,,,,,,
Lenovo ThinkPad T460s,7.700.000,https://techcare.vn/san-pham/lenovo-thinkpad-t460s/,Core i7-6600U,8 GB,SSD 240GB,Intel HD Graphics 520,14 inch Full HD,99%
Lenovo X1 Carbon gen 3,10.800.000,https://techcare.vn/san-pham/business-thinkpad-x1-carbon-gen-3/,Core i5-5200U,8 GB,SSD 120GB,Intel HD Graphics 5500,14 inch Full HD,99%
HP 440 G6 5YM63PA,Liên hệ,https://techcare.vn/san-pham/hp-probook-440-g6-5ym63pa/,,,,,,
Dell latitude 3340,Liên hệ,https://techcare.vn/san-pham/dell-latitude-3340-i5/,,,,,,
Dell Latitude E6230,Liên hệ,https://techcare.vn/san-pham/dell-latitude-e6230-core-i7/,,,,,,
Dell Latitude 3340,Liên hệ,https://techcare.vn/san-pham/dell-latitude-3340-i3/,,,,,,
Lenovo Thinkpad T450s,9.900.000,https://techcare.vn/san-pham/lenovo-thinkpad-t450s-i7/, Core i7-5600U,8 GB,SSD 240GB,Intel HD Graphics 5500,14 inch Full HD,99%
HP 440 G6 6FL65PA,Liên hệ,https://techcare.vn/san-pham/hp-probook-440-g6-6fl65pa-i7/,,,,,,
HP 440 G6 5YM61PA,Liên hệ,https://techcare.vn/san-pham/hp-probook-440-g6-5ym61pa-i5/,,,,,,
HP Elitebook 850 G2,8.600.000,https://techcare.vn/san-pham/hp-elitebook-850-g2/,Core i5-5200U,4 GB,SSD 240GB,Intel HD Graphics 5500,15.6 inch HD,99%
Dell Latitude 3540,6.200.000,https://techcare.vn/san-pham/dell-latitude-3540-i5/,Core i3-4005U,4 GB,SSD 128GB,Intel HD Graphics 4400,15.6 inch HD,99%
Dell Latitude e5440,Liên hệ,https://techcare.vn/san-pham/dell-latitude-5440/,,,,,,
Dell Latitude E6430s,Liên hệ,https://techcare.vn/san-pham/dell-latitude-e6430s-i7/,,,,,,
Lenovo Thinkpad T480,8.500.000,https://techcare.vn/san-pham/lenovo-thinkpad-t480-core-i7/,Core i7-8550U,8 GB,SSD 256GB,Intel HD Graphics 620,14 inch Full HD,99%
Dell Latitude e7440,5.500.000,https://techcare.vn/san-pham/dell-latitude-e7440-i7/,Core i7-4600U,4 GB,SSD 120GB,Intel HD Graphics 4400,14 inch HD,99%
Dell Latitude E5250,Liên hệ,https://techcare.vn/san-pham/laptop-dell-latitude-e5250/,,,,,,
Lenovo ThinkPad E460,Liên hệ,https://techcare.vn/san-pham/lenovo-thinkpad-e460/,,,,,,
HP 15 Da1030TX,Liên hệ,https://techcare.vn/san-pham/hp-15-da1030tx-i7/,,,,,,
Dell Inspiron 7557,Liên hệ,https://techcare.vn/san-pham/dell-inspiron-7557-i5/,,,,,,
Dell Latitude E3580,8.400.000,https://techcare.vn/san-pham/dell-latitude-e3580-i5/,Core i5-6200U,4 GB,SSD 256GB,Intel HD Graphics 620,15.6 inch HD,99%
Dell latitude 7490,8.300.000,https://techcare.vn/san-pham/dell-latitude-7490-core-i7/,Core i7-8650U,8 GB,SSD 256GB,Intel HD Graphics 620,14 inch Full HD,99%
Dell Latitude e6440,5.900.000,https://techcare.vn/san-pham/dell-latitude-e6440-i7/,Core i7–4600M,4 GB,SSD 120GB,Intel Graphics 4600,14 inch HD,99%
,Liên hệ,https://techcare.vn/laptop-cu/laptop-msi-cu/,,,,,,
Fujitsu Siemens E752,Liên hệ,https://techcare.vn/san-pham/fujitsu-siemens-lifebook-e752-i5/,,,,,,
HP Elitebook 1040 G1,7.200.000,https://techcare.vn/san-pham/hp-elitebook-folio-1040-g3-core-i5-6300u-intel-hd-graphics-520/,Core i5-4300U,4 GB,SSD 128GB,Intel HD Graphics 520,14 inch HD,99%
Lenovo Thinkpad X230,Liên hệ,https://techcare.vn/san-pham/laptop-cu-lenovo-thinkpad-x230-core-i5-3320m/,,,,,,
Dell Vostro 3578,12.600.000,https://techcare.vn/san-pham/dell-vostro-3578-i5/, Core i5-8250U,4 GB,HDD 1TB,AMD Radeon 520,15.6 inch Full HD,99%
Dell Latitude e7480,6.500.000,https://techcare.vn/san-pham/dell-latitude-e7480-i7/,Core i7-6600U,8 GB,SSD 240GB,Intel HD Graphics 520,14 inch HD,99%
Asus A411UA BV445T,10.500.000,https://techcare.vn/san-pham/asus-a411ua-bv445t-i5/, Core i5-8250U,4 GB,HDD 1TB,Intel HD Graphics 620,14 inch Full HD,99%
HP 440 G6 5YM62PA,Liên hệ,https://techcare.vn/san-pham/hp-probook-440-g6-5ym62pa-5ym73pa-6fg86pa/,,,,,,
HP 440 G6 5YM60PA,Liên hệ,https://techcare.vn/san-pham/hp-probook-440-g6-5ym60pa/,,,,,,
HP Probook 4540s,6.900.000,https://techcare.vn/san-pham/hp-probook-4540s-core-i5-3210m-vga-2gb-amd-radeon-hd-7650m/,Core i5-3320M,4 GB,SSD 120GB,Intel HD Graphics 4000,15.6 inch HD,99%
Hp Elitebook 840 G3,7.300.000,https://techcare.vn/san-pham/hp-elitebook-840-g3/,Core i7-6600U,8 GB,SSD 240GB,Intel HD Graphics 520,14 inch Full HD,99%
HP EliteBook 850 G1,7.300.000,https://techcare.vn/san-pham/hp-elitebook-850-g1/,Core i5-4300U,4 GB,SSD 120GB,Intel HD Graphics 4400,15.6 inch HD,99%
Lenovo Thinkpad X250,7.700.000,https://techcare.vn/san-pham/lenovo-thinkpad-x250/,Core i5-5300U,4 GB,SSD 120GB,Intel HD Graphics 5500,12.5 inch HD,99%
HP omen 15,Liên hệ,https://techcare.vn/san-pham/hp-omen-15-i7/,,,,,,
Dell Vostro 3459,Liên hệ,https://techcare.vn/san-pham/dell-vostro-3459-i5/,,,,,,
HP Zbook 17 G2,Liên hệ,https://techcare.vn/san-pham/hp-zbook-17-g2/,,,,,,
Lenovo Thinkpad T450,Liên hệ,https://techcare.vn/san-pham/lenovo-thinkpad-t450/,Core i5-5200U,8 GB,SSD 240GB,Intel HD Graphics 5500,14 inch HD,99%
Dell Latitude e7450,Liên hệ,https://techcare.vn/san-pham/dell-latitude-e7450-corei7/,,,,,,
Dell Inspiron 5447,Liên hệ,https://techcare.vn/san-pham/dell-inspiron-5447/,,,,,,
Lenovo Thinkpad E480,Liên hệ,https://techcare.vn/san-pham/lenovo-thinkpad-e480/,,,,,,
Dell Alienware 13 R3,Liên hệ,https://techcare.vn/san-pham/dell-alienware-13-r3/,,,,,,
Dell Latitude e7270,Liên hệ,https://techcare.vn/san-pham/dell-latitude-e7270/,Core i7-6600U,8 GB,SSD 240GB,Intel HD Graphics 520,12.5 inch HD,99%
Lenovo Thinkpad T440,Liên hệ,https://techcare.vn/san-pham/lenovo-thinkpad-t440/,Core i5-4300U,4 GB,SSD 128GB,Intel HD Graphics 4400,14 inch HD,99%
Dell Latitude E3550,Liên hệ,https://techcare.vn/san-pham/laptop-dell-latitude-e3550-core-i3-4005u-intel-hd-graphics/,Core i3-4005U,4 GB,SSD 120GB,Intel HD Graphics,15.6 inch HD,99%
Dell Latitude E6530,Liên hệ,https://techcare.vn/san-pham/dell-latitude-e6530-i5-nvidia-nvs-5200m/,,,,,,
Dell Precision M3800,Liên hệ,https://techcare.vn/san-pham/dell-precision-m3800/,,,,,,
Asus UX310UA,14.500.000,https://techcare.vn/san-pham/laptop-cu-asus-zenbook-ux310ua-core-i7-6500u-card-intel-hd-graphics-520/,Core i7-6500U,8 GB,SSD 256GB,Intel HD Graphics 520,13.3 inch Full HD,99%
HP Elitebook 810 G1,Liên hệ,https://techcare.vn/san-pham/laptop-cu-hp-elitebook-810-g1-core-i5-3437u-intel-hd-graphics-4000/,,,,,,
Dell Latitude e6540,6.600.000,https://techcare.vn/san-pham/dell-latitude-e6540-corei7/,Core i7–4600M,4 GB,SSD 120GB,Intel Graphics 4600,15.6 inch HD,99%
Dell Vostro 3468,Liên hệ,https://techcare.vn/san-pham/dell-vostro-3468-i5-7200u-amd-radeon-r5-m315/,,,,,,
Dell Inspiron 5567,Liên hệ,https://techcare.vn/san-pham/laptop-dell-inspiron-5567-core-i5-7200u-card-roi-amd-radeon-r7-m445/,,,,,,
Dell Vostro 3559,Liên hệ,https://techcare.vn/san-pham/laptop-dell-vostro-3559-i5-6200u-amd-radeon-r5-m315/,Core i5-6200U,4 GB,HDD 500GB,AMD Radeon R5 M315,15.6 inch HD,99%
Dell Precision M4700,Liên hệ,https://techcare.vn/san-pham/dell-precision-m4700-i7-nvidia-quadro-k1000m/,,,,,,
Dell Inspiron 7537,Liên hệ,https://techcare.vn/san-pham/dell-inspiron-7537-core-i5-4210u-nvidia-geforce-gt-750m/,,,,,,
Dell inspiron 7557,Liên hệ,https://techcare.vn/san-pham/dell-inspiron-7557/,,,,,,
Dell N3458,Liên hệ,https://techcare.vn/san-pham/dell-n3458-i5-nvidia-geforce-gt820/,Core i5-5200U,4 GB,HDD 500GB,NVIDIA GeForce GT820,14 inch HD,99%
Dell Inspiron 5558,Liên hệ,https://techcare.vn/san-pham/laptop-dell-inspiron-5558-core-i5-5200u-card-roi-nvidia-geforce-gt920/,,,,,,
Dell Inspiron 7353,Liên hệ,https://techcare.vn/san-pham/laptop-dell-inspiron-7353-core-i7-6500u-card-intel-hd-graphics-520/,,,,,,
Dell Vostro 5480,9.300.000,https://techcare.vn/san-pham/laptop-dell-vostro-5480-i5-5200u-nvidia-gt830m-2-gb/,Core i5-5200U,4 GB,HDD 500GB,Nvidia GT830M,14 inch HD,99%
Dell Inspiron N5547,Liên hệ,https://techcare.vn/san-pham/laptop-dell-inspiron-n5547-i5-4210u-amd-radeon-r7-m265/,Core i5-4210U,4 GB,HDD 500GB,AMD Radeon R7 M265 2 GB,15.6 inch HD,99%
Dell Vostro 3449,Liên hệ,https://techcare.vn/san-pham/dell-vostro-3449-i5-nvidia-geforce-gt820/,,,,,,
Dell Inspiron 7568,Liên hệ,https://techcare.vn/san-pham/dell-inspiron-7568-core-i5-6200u-intel-hd-graphic-520/,Core i5-6200U,4 GB,HDD 500GB,Intel HD Graphics 520,15.6 inch Full HD cảm ứng,99%
Dell Inspiron 5559,Liên hệ,https://techcare.vn/san-pham/laptop-dell-inspiron-5559-i5-6200u-amd-radeon-r5-m335/,Core i5-6200U,4 GB,SSD 120GB,AMD Radeon R5 M335 2GB,15.6 inch HD,99%
,Liên hệ,https://techcare.vn/laptop-cu/dell-cu/,,,,,,
Dell Inspiron 5568,Liên hệ,https://techcare.vn/san-pham/laptop-dell-inspiron-5568-core-i7-6500u-intel-hd-graphics-520/,,,,,,
Dell Inspiron 5459,Liên hệ,https://techcare.vn/san-pham/laptop-dell-inspiron-5459-core-i5-6200u-card-roi-amd-radeon-r5-m335/,,,,,,
Dell Inspiron 7548,Liên hệ,https://techcare.vn/san-pham/laptop-dell-inspiron-7548-core-i5-5200u-card-roi-amd-r7-m270/,,,,,,
HP Elitebook 820 G1,Liên hệ,https://techcare.vn/san-pham/hp-elitebook-820-g1-i5-4300u-intel-hd-graphics/,,,,,,
Dell Latitude 3440,Liên hệ,https://techcare.vn/san-pham/dell-latitude-3440-i5-nvidia-geforce-gt-740/,Core i5-4200U,4 GB,HDD 500GB,Nvidia Geforce GT740,14 inch HD,99%
Dell Inspiron 5543,Liên hệ,https://techcare.vn/san-pham/laptop-dell-inspiron-5543-i5-5200u-2gb-amd-r5-m240/,Core i5-5200U,4 GB,SSD 120GB,AMD R5 M240 2GB,15.6 inch HD,99%
HP Elitebook 820 G2,Liên hệ,https://techcare.vn/san-pham/hp-elitebook-820-g2-i5-5300u-intel-hd-graphics/,,,,,,
Dell Inspiron 5767,Liên hệ,https://techcare.vn/san-pham/laptop-dell-inspiron-5767-core-i7-7500u-card-roi-amd-r4-m445/,,,,,,
Dell Inspiron 7359,Liên hệ,https://techcare.vn/san-pham/laptop-dell-inspiron-7359-core-i5-6200u-intel-hd-graphics-520/,,,,,,
