CPU,Display,Graphics,Name,Price,Ram,Storage,URL
i5 - 8250U,"14"" Full HD",Intel UHD 620,Laptop Cũ HP Probook 440 G5 - Intel Core i5 8250U | 14 inch Full HD,7.990.000 đ,8GB DDR4,SSD 256GB,https://laptop88.vn/laptop-cu-hp-probook-440-g5-intel-core-i5-8250u-14-inch-full-hd.html
i5 - 8250U,13.3'' Full HD,Intel HD 620,Laptop Cũ Dell Latitude 7390 - Intel Core i5,7.990.000 đ,8GB DDR4,SSD 256GB,https://laptop88.vn/laptop-cu-dell-latitude-7390-intel-core-i5.html
i7-8565U,"14"" Full HD",Card rời MX130,Laptop Cũ Dell Latitude 3400 - Intel Core i7,9.490.000 đ,8GB DDR4,SSD 240GB,https://laptop88.vn/laptop-cu-dell-latitude-3400-intel-core-i7.html
i7 - 8750H,"15.6"" Full HD",Nvidia P600,Laptop Cũ Dell Precision 3530 - Intel Core i7,12.990.000 đ,16GB DDR4,SSD 512GB,https://laptop88.vn/laptop-cu-dell-precision-3530-intel-core-i7/p6069.html
i5 - 4200U,14 Inch HD,Intel HD 4400,Laptop cũ Lenovo Thinkpad T440 - Intel Core i5,Liên Hệ,4GB DDR3L,SSD 120GB,https://laptop88.vn/laptop-cu-lenovo-thinkpad-t440-intel-core-i5.html
i5 - 7200U,"14"" HD | Full HD",Intel HD Graphics,Laptop cũ Dell Latitude 7480 - Intel Core i5,6.890.000 đ,8GB DDR4,SSD 240GB,https://laptop88.vn/laptop-cu-dell-latitude-e7480-intel-core-i5.html
"
i5-1135G7
","14"" Full HD","
Intel Iris Xe Graphics
",Laptop Cũ Dell Latitude 5420 - Intel Core i5-1135G7 | 14 inch Full HD,12.490.000 đ,8GB DDR4,SSD 256GB NVMe,https://laptop88.vn/laptop-cu-dell-latitude-5420-intel-core-i5-1145g7-14-inch-full-hd.html
i7 - 4800MQ,15.6'' Full HD,AMD HD 8790M,Laptop cũ Dell Latitude E6540  - Intel Core i7,6.990.000 đ,8GB DDR3L,SSD 256GB,https://laptop88.vn/dell-latitude-e6540.html
i7 - 4800MQ,"15.6"" Full HD | 4K",Quadro K1100M,Laptop Cũ Dell Precision M4800 - Intel Core i7 MQ,7.990.000 đ,8GB DDR4,SSD 256GB,https://laptop88.vn/laptop-cu-dell-precision-m4800-core-i7-4800mq-ram-8gb-ssd-256gb-vga-2gb-nvidia-quadro-k1100m-156-inch-fullhd-bh-1-nam.html
i5 - 10310U,14 Inch Full HD,UHD Graphics 620,Laptop Cũ Dell Latitude 5410 - Intel Core i5 | 14 inch Full HD,10.690.000 đ,8GB DDR4,SSD 256GB,https://laptop88.vn/laptop-cu-dell-latitude-5410-intel-core-i5-14-inch-full-hd.html
i7 - 6820HQ,15.6'' Full HD,Quadro M1200,Laptop Cũ Dell Precision 7520 - Intel Core i7,10.190.000 đ,8GB DDR4,SSD 256GB,https://laptop88.vn/laptop-workstation-cu-dell-precision-7520-intel-core-i7.html
i5 - 6300U,"13.3"" Full HD",Intel HD Graphics,Laptop Cũ HP Spectre Pro X360 G2 - Intel Core i5,8.690.000 đ,8GB DDR4,SSD 256GB,https://laptop88.vn/laptop-cu-hp-spectre-pro-x360-g2-intel-core-i5.html
i5 - 6200U,14 Inch Full HD,Intel HD 520,Laptop Dell Latitude E7470 - Intel Core i5,6.090.000 đ,8GB DDR4,SSD 240GB,https://laptop88.vn/laptop-dell-latitude-e7470-intel-core-i5.html
i5 - 6200U,12.5 Inch HD,Intel HD 520,Laptop cũ Dell Latitude E7270 - Intel Core i5,4.790.000 đ,8GB ,SSD 120GB,https://laptop88.vn/laptop-dell-latitude-e7270-core-i5-6300u-ram-8gb-ssd-250gb-hd-graphics-520-fhd-keyboard-led-125-inch-bao-hanh-1-nam.html
R5 -4500U,"14"" Full HD",AMD Radeon Graphics,Laptop Cũ HP Probook 445 G7 - AMD Ryzen 5 | 14 inch Full HD,10.490.000 đ,8GB DDR4,SSD 256GB,https://laptop88.vn/laptop-cu-hp-probook-445g7-amd-ryzen-5.html
i7 - 8850H,"15.6"" Full HD",Quadro P1000,Laptop Cũ Dell Precision 5530 - Intel Core i7 / Xeon,16.990.000 đ,16GB DDR4,SSD 512GB,https://laptop88.vn/laptop-cu-dell-precision-5530-intel-core-i7.html
i5 - 6200U,14 Inch Full HD,Intel HD Graphics,Laptop Cũ Dell Latitude E5480 - Intel Core i5,6.090.000 đ,8GB DDR4,SSD 240GB,https://laptop88.vn/laptop-cu-dell-latitude-5480-intel-core-i5.html
i7 - 8560U,13.3 Full HD,Intel HD 620,Laptop Cũ Dell Latitude 7390 - Intel Core i7,9.290.000 đ,8GB DDR4,SSD 256GB,https://laptop88.vn/laptop-cu-dell-latitude-7390-intel-core-i7/p4932.html
i5 - 8265U,"13.3"" Full HD",Intel UHD Graphics,Laptop Cũ Dell XPS 13 9380 - Intel Core i5,13.990.000 đ,8/16GB ,SSD 256GB,https://laptop88.vn/laptop-cu-dell-xps-13-9380-intel-core-i5.html
i5 - 4200M,"15.6"" HD / Full HD",AMD M5100,Laptop cũ Dell Precision M4800 - Intel Core i5-4200M | AMD M5100,5.990.000 đ,8GB DDR3,SSD 256GB,https://laptop88.vn/laptop-cu-dell-precision-m4800-intel-core-i5.html
i5 - 8265U,14'' Full HD,Intel UHD Graphics,Laptop Cũ HP Notebook 14s-cr1006tu - Intel Core i5,8.390.000 đ,8GB DDR4,SSD 256GB,https://laptop88.vn/laptop-cu-hp-notebook-14s-cr1006tu-intel-core-i5.html
i5 - 6200U,"14"" Full HD",Intel HD 520,Laptop cũ HP Elitebook 840 G3 - Intel Core i5 ,5.990.000 đ,8GB DDR4,SSD 240GB,https://laptop88.vn/laptop-cu-hp-elitebook-840-g3-core-i5.html
AMD A10,"14"" HD","
AMD Radeon Vega
",Laptop Cũ HP Probook 645 G3 - AMD A10,3.990.000 đ,8GB DDR4,SSD 128GB,https://laptop88.vn/laptop-cu-hp-probook-645-g3-amd-a10.html
i7 - 4800MQ,17.3'' Full HD,Quadro K3100M,Laptop Cũ Dell Precision M6800 Intel Core i7 MQ,10.990.000 đ,16GB DDR3L,SSD 256GB,https://laptop88.vn/laptop-cu-dell-precision-m6800-core-i7.html
i5 - 8350U,"14"" Full HD",Intel UHD 620,Laptop Cũ HP Elitebook 840 G5 - Intel Core i5,8.690.000 đ,8GB DDR4,SSD 256GB,https://laptop88.vn/laptop-cu-hp-elitebook-840-g5-intel-core-i5.html
i5 - 4200U,14 Inch HD,Intel HD 4400,Laptop Cũ Dell Latitude E5440 - Intel Core i5,Liên Hệ,4GB DDR3,SSD 120GB,https://laptop88.vn/laptop-dell-latitude-e5440-cu.html
Intel Core i5-1230U,13.4 Inch Full HD+,Intel Iris xe Graphics,"[New Outlet] Dell XPS 13 9315 - i5-1230U | 13.4"" Full HD+",19.990.000 đ,8GB LPDDR5,SSD 512GB,https://laptop88.vn/laptop-cu-dell-xps-9300-intel-core-i5.html
i5 - 6200U,15.6 Inch Full HD,Intel HD 620,Laptop Cũ Dell Latitude E5580 - Intel Core i5,6.990.000 đ,8GB DDR4,SSD 240GB,https://laptop88.vn/laptop-cu-dell-latitude-5580-intel-core-i5/p4570.html
i7 - 7600U,"
14 Inch Full HD
",Intel HD 520,Laptop cũ Dell Latitude 7480 - Intel Core i7,8.490.000 đ,8GB DDR4,SSD 240GB,https://laptop88.vn/laptop-cu-dell-latitude-e7480-intel-core-i7.html
i7 - 1260P,13.3 Inch Full HD+,Intel Xe Graphics,[New Outlet] Dell XPS Plus 9320 - Intel Core i7-1260P | RAM 16GB | 13.3 Inch Full HD+ ,28.190.000 đ,16GB DDR5,SSD 512GB,https://laptop88.vn/laptop-dell-xps-plus-9320-intel-core-i7-1260p-ram-16gb-13.3-inch-3.5k-100-dci-p3.html
i7 - 8560U,"13.3"" Full HD",Intel UHD Graphics,Laptop Cũ Dell Dell XPS 13 9380 - Intel Core i7,Liên Hệ,16GB Onmain,SSD 256GB,https://laptop88.vn/laptop-cu-dell-dell-xps-13-9380-intel-core-i7.html
i7 - 6820HQ,15.6'' Full HD,Quadro M1000M,Laptop Workstation Cũ HP Zbook 15 G3 - Intel Core i7 / Xeon,Liên Hệ,16GB DDR4,SSD 480GB,https://laptop88.vn/laptop-workstation-cu-hp-zbook-15-g3-intel-core-i7.html
i5-10310U,Trắng bạc,"15.6"" Full HD",Laptop Cũ HP Probook 650 G7 - Intel Core i5,Liên Hệ,8GB DDR4,Intel UHD Graphics,https://laptop88.vn/laptop-cu-hp-probook-650-g7-intel-core-i5.html
i5 - 8250U,14 Inch Full HD,Intel UHD 620,Laptop Cũ Dell Latitude 7490 - Intel Core i5,7.990.000 đ,8GB DDR4,SSD 240GB,https://laptop88.vn/laptop-cu-dell-latitude-7490-intel-core-i5.html
i5 - 8250U,"14"" Full HD",Intel HD 620,Laptop Cũ Dell Latitude 5490 - Intel Core i5,6.790.000 đ,8GB DDR4,SSD 240GB,https://laptop88.vn/laptop-cu-dell-latitude-5490-intel-core-i5.html
i7 - 6820HQ,"15.6"" Full HD | 4K",Quadro M1000,Laptop Cũ Dell Precision 7510 - Intel Core i7 / Xeon,9.990.000 đ,8GB DDR4,SSD 256GB,https://laptop88.vn/laptop-cu-dell-precision-7510-intel-core-i7.html
"
i7 - 8750H | 8850H
","15.6"" Full HD",Quadro P1000,Laptop Cũ Lenovo Thinkpad P52 - Intel Core i7 | Quadro P1000 | 15.6 Inch Full HD,Liên Hệ,16GB DDR4,SSD 512GB,https://laptop88.vn/laptop-cu-lenovo-thinkpad-p52-intel-core-i7-8850h-quadro-p1000-15.6-inch-full-hd.html
i5 - 8265U,"14"" Full HD",Intel UHD 620,Laptop Cũ Dell Latitude 7400 - Intel Core i5,8.990.000 đ,8GB DDR4,SSD 240GB,https://laptop88.vn/laptop-cu-dell-latitude-7400-intel-core-i5/p6081.html
i5 - 8250U,14 Inch HD,Intel HD 620,Laptop Cũ Dell Latitude 5400 - Intel Core i5,Liên Hệ,8GB DDR4,SSD 240GB,https://laptop88.vn/laptop-cu-dell-latitude-5400-intel-core-i5.html
i5 - 6300HQ,15.6'' Full HD,Nvidia GTX 960M,Laptop Gaming cũ Dell Inspiron 7559 - Intel Core i5,9.790.000 đ,8GB DDR3,SSD 240GB,https://laptop88.vn/laptop-gaming-dell-7559-cu-core-i5-6300hq-ram-8gb-hdd-500gb-nvidia-geforce-gtx-960m-full-hd-15.6-inch.html
i5 - 6300U,"14"" Full HD",Intel HD 620,Laptop Cũ Lenovo Thinkpad T470s - Intel Core i5,Liên Hệ,8GB DDR4,SSD 240GB,https://laptop88.vn/laptop-cu-lenovo-thinkpad-t470s-intel-core-i5.html
"
Core i7 10750H
",15.6 inch Full HD+,"
Nvidia Quadro T1000
",Laptop Cũ Dell Precision 5550 - Intel Core i7-10750H | T1000 | 32GB | 15 inch Full HD+,25.990.000 đ,32GB DDR4,SSD 1TB NVMe,https://laptop88.vn/laptop-cu-dell-precision-5550-intel-core-i7.html
i3-6010U,14 Inch HD,Intel HD 520,Laptop Cũ Dell Latitude 3490 - Intel Core i3,4.990.000 đ,4GB DDR4,SSD 128GB,https://laptop88.vn/laptop-cu-dell-latitude-3490-intel-core-i3.html
i5 - 8250U,"14"" Full HD",Intel UHD Graphics,Laptop Cũ Lenovo Thinkpad T490s - Intel Core i5,Liên Hệ,8GB DDR4,SSD 240GB,https://laptop88.vn/laptop-cu-lenovo-thinkpad-t490s-intel-core-i5.html
i7 - 8650U,15.6 Inch FHD,MX 130,Laptop Cũ Dell Latitude 3500 - Intel Core i7,Liên Hệ,8GB DDR4,SSD 256GB,https://laptop88.vn/laptop-cu-dell-latitude-3500-intel-core-i7.html
i7 - 8650U,12.5 Inch HD,Intel HD Graphics,Laptop Cũ Dell Latitude 5290 - Intel Core i7,Liên Hệ,8GB DDR4,SSD 256GB,https://laptop88.vn/laptop-cu-dell-latitude-5290-2-in-1-intel-core-i7.html
i7 - 10750H,"14"" Full HD, IPS",Nvidia GTX 1650,Laptop Cũ Acer ConceptD 3 Ezel - Intel Core i7,Liên Hệ,16GB DDR4,SSD 512GB,https://laptop88.vn/laptop-cu-acer-conceptd-3-ezel-intel-core-i7.html
,,,Laptop Cũ Dell Latitude E7440 - Intel Core i3,3.690.000 đ,,,https://laptop88.vn/laptop-cu-dell-latitude-e7440-intel-core-i3.html
i5 - 1.7Ghz,13.3 Inch HD+,Intel HD 600,Macbook Air 2017 13 inch cũ (i5 1.8Ghz/RAM 8GB/SSD 128GB),Liên Hệ,8GB DDR3L,SSD 128GB,https://laptop88.vn/macbook-air-2017-13-inch-cu-i5-1.8ghz-ram-8gb-ssd-128gb.html
i5 - 6200U,14 Inch HD,Intel HD Graphics,Laptop Cũ Lenovo Thinkpad L460 - Intel Core i5,Liên Hệ,8GB DDR4,SSD 256GB,https://laptop88.vn/laptop-cu-lenovo-thinkpad-l460-intel-core-i5.html
i5 - 10210U,14'' Full HD,Intel UHD Graphics,Laptop Cũ HP Notebook 14s cr2005tu - Intel Core i5,Liên Hệ,8GB DDR4,SSD 240GB,https://laptop88.vn/laptop-cu-hp-notebook-14s-cr2005tu-intel-core-i5.html
i5 - 6640HQ,"14"" Full HD",Intel UHD Graphics,Laptop cũ Lenovo Thinkpad T460p - Intel Core i5,Liên Hệ,8GB DDR4,SSD 240GB,https://laptop88.vn/laptop-cu-lenovo-thinkpad-t460p-intel-core-i5.html
i9 - 8950HK,"15.6"" Full HD",Quadro P2000M,Laptop Cũ Dell Precision 5530 - Intel Core i9,Liên Hệ,16GB DDR4,SSD 512GB,https://laptop88.vn/laptop-cu-dell-precision-5530-intel-core-i9.html
i5 - 8365U,"14"" Full HD",Intel HD Graphics,Laptop Cũ HP EliteBook 840 G6 - Intel Core i5,Liên Hệ,8GB DDR4,SSD 240GB,https://laptop88.vn/laptop-cu-hp-elitebook-840-g6-intel-core-i5.html
i5 - 7200U,14'' Full HD,Intel HD 520,Laptop Cũ Lenovo Thinkpad X1 Carbon Gen 5 - Intel Core i5,Liên Hệ,8GB LPDDR3,SSD 256GB,https://laptop88.vn/laptop-cu-lenovo-thinkpad-x1-carbon-gen-5-intel-core-i5.html
"
Intel Core i7-9850H
",15.6 inch Full HD,Intel UHD 630,Laptop Cũ Dell Latitude 5501 - Intel Core i7,Liên Hệ,16GB DDR5,SSD 256GB NVMe,https://laptop88.vn/laptop-cu-dell-latitude-5501-intel-core-i7.html
i5 - 7200U,"13.3"" Full HD",Intel HD 620,Laptop Cũ Dell Latitude 7380 - Intel Core i5,Liên Hệ,8GB DDR4,SSD 240GB,https://laptop88.vn/laptop-cu-dell-latitude-7380-intel-core-i5.html
i5 - 8250U,12.5 Inch HD,Intel HD 620,Laptop Cũ Dell Latitude 5290 - Intel Core i5,Liên Hệ,8GB DDR4,SSD 256GB,https://laptop88.vn/laptop-cu-dell-latitude-5290-intel-core-i5.html
,,,Laptop Cũ Lenovo Thinkpad T440p - Intel Core i5,Liên Hệ,,,https://laptop88.vn/laptop-cu-lenovo-thinkpad-t440p-intel-core-i5.html
i7 - 3.1Ghz,13.3'' Retina,Intel Graphics 6100,Macbook Pro 2015 13 inch Retina Cũ - Intel Core i7 3.1GHz,Liên Hệ,16GB LPDDR3,SSD 256GB,https://laptop88.vn/laptop-cu-macbook-pro-retina-13-inch-2015-i7-3.1ghz-ram-16gb-ssd-512gb.html
i5 - 8300H,15.6'' Full HD,Intel UHD 630,Laptop Cũ Dell Precision 5530 - Intel Core i5,Liên Hệ,16GB DDR4,SSD 240GB,https://laptop88.vn/laptop-cu-dell-precision-5530-intel-core-i5/p6006.html
i7 - 8650U,15.6 Inch FHD,Intel HD 620,Laptop Cũ Dell Latitude 5590 - Intel Core i7,Liên Hệ,8GB DDR4,SSD 256GB,https://laptop88.vn/laptop-cu-dell-latitude-5590-intel-core-i7.html
i5 - 7200U,15.6 Inch HD,Intel UHD Graphics,Laptop Cũ Lenovo Thinkpad L570 - Intel Core i5,6.490.000 đ,8GB DDR4,SSD 256GB,https://laptop88.vn/laptop-cu-lenovo-thinkpad-l570-intel-core-i5/p5701.html
i7 - 6600U,13.3'' Full HD,Intel HD 520,Laptop Cũ Dell Latitude 7380 - Intel Core i7,7.390.000 đ,8GB DDR4,SSD 240GB,https://laptop88.vn/laptop-cu-dell-latitude-7380-intel-core-i7/p5695.html
i5 - 9300H,"15.6"" Full HD",Nvidia GTX 1650,Laptop Cũ Dell Inspiron Gaming G3 3590 - Intel Core i5-9300H | GTX 1650,14.490.000 đ,16GB DDR4,SSD 512GB,https://laptop88.vn/laptop-cu-dell-gaming-g3-3590-intel-core-i5/p5587.html
i7 - 4810MQ,"15.6"" Full HD",AMD W4170M,Laptop Cũ Dell Precision M2800 - Intel Core i7,Liên Hệ,8GB DDR3L,SSD 256GB,https://laptop88.vn/laptop-cu-dell-precision-m2800-intel-core-i7.html
AMD A10,14 Inch HD,AMD Radeon R6,Laptop Cũ HP Elitebook 745 G3 - AMD A10,Liên Hệ,8GB PC3,SSD 256GB,https://laptop88.vn/laptop-cu-hp-elitebook-745-g3-amd-a10/p5345.html
i7 - 6600U,14 Inch 2K,Intel HD 520,Laptop cũ Lenovo Thinkpad Yoga  X1 Gen 1 - Intel Core i7,Liên Hệ,16GB DDR3,SSD 240GB,https://laptop88.vn/laptop-cu-lenovo-thinkpad-yoga-x1-gen-1-intel-core-i7/p5294.html
i5 - 5200U,13.3 Inch HD,Intel HD 5500,Laptop Cũ Dell Latitude 3350 - Intel Core i5,Liên Hệ,4GB DDR3L,SSD 120GB,https://laptop88.vn/laptop-cu-dell-latitude-3350-intel-core-i5/p5282.html
i3 - 5005U,13.3 Inch HD,Intel HD 5500,Laptop Cũ Dell Latitude 3340 - Intel Core i3,Liên Hệ,4GB DDR3,SSD 128GB,https://laptop88.vn/laptop-cu-dell-latitude-3350-intel-core-i3/p5259.html
i7 - 5600U,12.5 Inch HD,Intel HD 5500,Laptop Cũ HP Elitebook 820 G2 - Intel Core i7,Liên Hệ,4GB DDR3,SSD 128GB,https://laptop88.vn/laptop-cu-hp-elitebook-820-g2-intel-core-i7/p5246.html
i5 - 6200U,"14"" Full HD",Intel UHD 520,Laptop Cũ Lenovo Thinkpad T460 - Intel Core i5,Liên Hệ,8GB DDR3,SSD 240GB,https://laptop88.vn/laptop-cu-lenovo-thinkpad-t460-intel-core-i5.html
i5 - 8350U,"12.5"" Full HD",Intel UHD 620,Laptop Cũ Lenovo Thinkpad X280 - Intel Core i5,Liên Hệ,8GB DDR4,SSD 256GB,https://laptop88.vn/laptop-cu-lenovo-thinkpad-x280-intel-core-i5.html
i7 - 2.2GHz,13.3 Inch HD+,Intel HD 6000,Macbook Air Cũ 13 inch 2017 - Intel Core i7 2.2 Ghz,Liên Hệ,8GB Onmain,SSD 128GB,https://laptop88.vn/macbook-air-13-inch-2017-intel-core-i7/p5196.html
i7 - 8650U,"14"" Full HD",Intel HD 620,Laptop Cũ Lenovo Thinkpad T480s - Intel Core i7 ,11.690.000 đ,8GB DDR4,SSD 240GB,https://laptop88.vn/laptop-cu-lenovo-thinkpad-t480s-intel-core-i7-8650u/p5181.html
i5 - 8250u,13.3'' Full HD,Intel UHD 620,Laptop Cũ Dell Latitude 7390 2 in 1 - Intel Core i5,8.990.000 đ,8GB LPDDR4,SSD 256GB,https://laptop88.vn/laptop-cu-dell-latitude-7390-2-in-1-intel-core-i7/p5099.html
i5 2.4Ghz,13 inch Retina,Intel Iris 5100 Graphics,Laptop Cũ Macbook Pro 13 Retina 2013 - Intel Core i5 ,Liên Hệ,16GB DDR4 onmain,SSD 256GB,https://laptop88.vn/laptop-cu-macbook-pro-13-retina-2013-intel-core-i5/p4992.html
i5 - 6200U,"14"" Full HD",Intel HD 520,Laptop Cũ HP Folio Elitebook 1040 G3 - Intel Core i5,6.700.000 đ,16GB Onmain,SSD 240GB,https://laptop88.vn/laptop-cu-hp-elitebook-1040-g3-intel-core-i5.html
i5-6200U,12.5 Inch HD,Intel HD 520,Laptop Cũ Lenovo ThinkPad X260 - Intel Core i5,Liên Hệ,8GB DDR4,SSD 240GB,https://laptop88.vn/laptop-cu-lenovo-thinkpad-x260-intel-core-i5.html
Xeon E3 1505M,"15.6"" Full HD",Quadro M1000,Laptop Workstation Cũ HP Zbook Studio G3 - Intel Xeon E3 1505,Liên Hệ,8GB DDR4,SSD 256GB,https://laptop88.vn/laptop-workstation-cu-hp-zbook-studio-g3-intel-core-i7-xeon-e3-1505.html
i5 - 7200U,"12.5"" Full HD",Intel HD 620,Laptop Cũ Dell Latitude 5285 - Intel Core i5,Liên Hệ,8GB on main,SSD 256GB,https://laptop88.vn/laptop-cu-dell-latitude-5285-intel-core-i5.html
i7 - 6600U,12.5 Inch HD,Intel HD 520,Laptop Cũ HP Elitebook 820 G3 - Intel Core i7,Liên Hệ,8GB DDR4,SSD 240GB,https://laptop88.vn/laptop-cu-hp-elitebook-820-g3-intel-core-i7/p4824.html
i7 - 8650U,"14"" Full HD",Intel HD 620,Laptop cũ HP Elitebook 840 G5 - Intel Core i7,9.690.000 đ,8GB DDR4,SSD 256GB,https://laptop88.vn/laptop-cu-hp-elitebook-840-g5-intel-core-i7.html
i7-7820HQ,14 Inch Full HD,Nvidia GT 930M,Laptop Cũ Dell Latitude E5480 - Intel Core i7,7.190.000 đ,8GB DDR4,SSD 256GB,https://laptop88.vn/laptop-cu-dell-latitude-e5480-intel-core-i7/p4675.html
i5 - 2.9Ghz,13.3'' Retina,Intel Iris Pro 550,Macbook Pro Retina 13 inch 2016 - Intel Core i5 2.9GHz,Liên Hệ,16GB Onmain,SSD 500GB,https://laptop88.vn/macbook-pro-retina-13-inch-2016-mlh12-core-i5-2.9ghz-ram-16gb-ssd-512gb-intel-iris-graphics-550-13.3-inch-retina-touchbar/p4613.html
i5 - 7200U,12.5'' Full HD,Intel HD 520,Laptop Cũ Lenovo Thinkpad X270 - Intel Core i5,Liên Hệ,8GB DDR4,SSD 240GB,https://laptop88.vn/laptop-cu-lenovo-thinkpad-x270-intel-core-i5.html
i5-6200U,13.3 Inch HD,Intel HD 520,Laptop Cũ HP Probook 430 G3 - Intel Core i5,Liên Hệ,4GB DDR3,SSD 128GB,https://laptop88.vn/laptop-cu-hp-probook-430-g3-intel-core-i5/p4460.html
i5 - 7200U,15.6 Inch HD,Intel HD 620,Laptop Cũ Dell Latitude 3580 - Intel Core i5,Liên Hệ,8GB ,SSD 256GB,https://laptop88.vn/laptop-cu-dell-latitude-3580-intel-core-i5.html
i7 - 8750H,"15.6"" Full HD",GTX 1060,Laptop Gaming Cũ Dell Inspiron G7 7588 - Intel Core i7,Liên Hệ,8GB DDR4,SSD 240GB,https://laptop88.vn/laptop-gaming-cu-dell-inspiron-g7-7588-intel-core-i7/p4316.html
i7 - 8650U,"14"" Full HD",Intel UD 620,Laptop Cũ Lenovo Thinkpad T480 - Intel Core i7,Liên Hệ,8GB DDR4,SSD 256GB,https://laptop88.vn/moi-99-laptop-lenovo-thinkpad-t480-intel-core-i7/p4297.html
i5 - 8300H,15.6'' Full HD,Nvidia GTX 1050,Laptop Gaming Cũ Dell Inspiron G3 3579 - Intel Core i5,12.390.000 đ,8GB DDR4,SSD 256GB,https://laptop88.vn/laptop-gaming-cu-dell-g3-3579-intel-core-i5.html
i5 - 5200U,"15.6"" Full HD",Intel HD 5500,Laptop Cũ HP Elitebook 850 G2 - Intel Core i5,Liên Hệ,4GB DDR3L,SSD 120GB,https://laptop88.vn/laptop-cu-hp-elitebook-850-g2-intel-core-i5/p4214.html
i5 - 6200U,14'' Full HD,Intel HD 520,Laptop Cũ Lenovo Thinkpad T460s Intel Core i5,Liên Hệ,8GB DDR4,SSD 240GB,https://laptop88.vn/laptop-cu-lenovo-thinkpad-t460s-intel-core-i5.html
i7 - 6600u,12.5'' Full HD,Intel HD 520,Laptop Cũ Dell Latitude E7280 i7 6600U ,6.390.000 đ,8GB ,SSD 256GB,https://laptop88.vn/laptop-latitude-e7280-core-i7-6600u-ram/p4189.html
 i5 - 6200U,15.6 Inch HD,Intel HD 520,Laptop Cũ Dell Latitude E3570 - Intel Core i5,Liên Hệ,8GB DDR3,SSD 240GB,https://laptop88.vn/laptop-cu-dell-latitude-e3570-intel-core-i5.html
i5 - 5200U,14 Inch HD,Intel HD 5500,Laptop cũ HP Elitebook 840 G2 - Intel Core i5,Liên Hệ,4GB PC3L,SSD 120GB,https://laptop88.vn/laptop-hp-elitebook-840-g2-hang-nhap-khau-like-new.html
i7-6500U,13.3'' 3K,Intel HD 520,Laptop cũ Dell XPS 13 9350 - Intel Core i7,10.990.000 đ,16GB LPDDR3,SSD 256GB,https://laptop88.vn/laptop-dell-xps-13-9350-intel-core-i7.html
i5 - 7200U,"13.3"" Full HD",Intel HD 620,Laptop Dell XPS 13 9360 - Intel Core i5 ,Liên Hệ,8GB ,SSD 256GB,https://laptop88.vn/laptop-dell-xps-9360-intel-core-i5.html
i5 - 5200U,14 Inch HD+,Intel HD 5500,Laptop Cũ Lenovo Thinkpad T450s - Intel Core i5,Liên Hệ,4GB DDR3L,SSD 128GB,https://laptop88.vn/laptop-lenovo-thinkpad-t450s-core-i5-5300u-processor-ram-8gb-ssd-256gb-intel-hd-graphics-5500m-14-inch-bao-hanh-1-nam.html
i7 - 4712HQ,"
15.6 Inch 3K
", Quadro K1100,Laptop Cũ Dell Precision M3800 - Intel Core i7,Liên Hệ,8GB DDR3,SSD 256GB,https://laptop88.vn/laptop-dell-precision-m3800-intel-core-i7.html
i5 - 6200U,14 Inch Full HD,Intel HD 520,Laptop Cũ Dell Latitude E5470 - Intel Core i5,5.290.000 đ,8GB DDR4,SSD 240GB,https://laptop88.vn/laptop-dell-latitude-e5470.html
"
i5 - 6200U
","
15.6 Inch HD
",Intel HD 520,Laptop cũ HP Probook 450 G3 - Intel Core i5 ,Liên Hệ,8GB DDR3,SSD 240GB,https://laptop88.vn/laptop-hp-probook-450-g3-intel-core-i5-6200u-ram-8gb-ssd-120gb-intel-hd-graphics-520-15.6-inch-hd.html
i5 - 8250U,15.6 Inch Full HD,Card rời AMD,Laptop Cũ Dell Inspiron 15 5570 - Intel Core i5-8250U | 15.6 inch Full HD,9.990.000 đ,8GB DDR4,SSD 256GB,https://laptop88.vn/laptop-dell-inspiron-5570-intel-core-i5-8250uram-8gbhdd-1tbintel-uhd-graphics-620156-inch-fullhd-cam-ungkeyled/p3924.html
i7 - 5600U,"14"" Full HD",Intel HD Graphics,Laptop Lenovo Thinkpad X1 Carbon Gen 3 - Intel Core i7,Liên Hệ,8GB DDR3L,SSD 240GB,https://laptop88.vn/X1-Carbon-i7-Gen-3/p3911.html
i5 - 1.6Ghz,"
13.3 Inch HD+
",Intel HD 6000,Macbook Air 13.3 2015 Cũ - Intel Core i5,Liên Hệ,"
4GB Onmain
",SSD 128GB,https://laptop88.vn/macbook-air-133-2015-mjve2-intel-core-i5-ram-4gb-ssd-128gb-intel-hd-graphics-6000-133-inch/p3906.html
"
i7 - 4810MQ
","15.6"" Full HD", Quadro K1100,Laptop cũ HP Zbook 15 G2 - Intel Core i7,Liên Hệ,"
8GB DDR3
",SSD 256GB,https://laptop88.vn/hp-zbook-15-g2-i7.html
i5 - 5200U,12.5 Inch HD,Intel HD 5500,Laptop Cũ Dell Latitude E7250 - Intel Core i5 ,Liên Hệ,4GB DDR3L,SSD 120GB,https://laptop88.vn/laptop-dell-latitude-e7250-core-i5.html
i5 - 7200U,"14"" Full HD",Intel HD 620,Laptop cũ HP Elitebook 840 G4 - Intel Core i5,Liên Hệ,8GB DDR4,SSD 256GB,https://laptop88.vn/laptop-hp-elitebook-840-g4/p3801.html
i5 - 4200U,"14"" HD | HD+",Intel HD 4000,Laptop cũ HP Folio 9480m - Intel Core i5,Liên Hệ,4GB DDR3L,SSD 120GB,https://laptop88.vn/laptop-cu-hp-elitebook-9480m-core-i5-4310u-4gb-ssd-120gb-hd-graphics-4400-14-inch-bao-hanh-1-nam.html
i5 - 4200M,14 Inch HD,Intel HD 4600,Laptop HP Probook 640 G1 - Intel Core i5,Liên Hệ,4GB DDR3,SSD 120GB,https://laptop88.vn/laptop-cu-hp-probook-640-g1-core/p2540.html
i5 - 3427U,14 Inch HD,Intel HD 4000,Laptop Cũ HP Elitebook Folio 9470m - Intel Core i5,Liên Hệ,4GB DDR3,SSD 120GB,https://laptop88.vn/laptop-cu-hp-elitebook-9470m-core-i5-3427u-4gb-ssd-120gb-hd-graphics-4000-14-inch-bao-hanh-1-nam/p2539.html
i5 - 4210U,15.6 Inch Full HD,Intel HD 4400,Laptop cũ HP Probook 450 G2 - Intel Core i5,Liên Hệ,4GB DDR3,SSD 120GB,https://laptop88.vn/laptop-cu-hp-probook-450-g2-intel-core-i5/p2498.html
i5 - 4200U,12.5 Inch HD,Intel HD 4400,Laptop cũ Dell Latitude E7240 - Intel Core i5,Liên Hệ,4GB DDR3,SSD 120GB,https://laptop88.vn/laptop-cu-dell-latitude-e7240-core-i5-4300u-ram-4gb-ssd-128gb-intel-hd-graphics-4400-125-hd-bao-hanh-1-nam.html
,,,Laptop cũ HP Probook 6570b - Intel Core i5,4.190.000 đ,,,https://laptop88.vn/laptop-cu-hp-probook-6570b-core-i5-3320m-ram-4gb-hdd-250gb-vga-intel-hd-graphics-4000-156-inch-bao-hanh-1-nam/p2421.html
,,,Laptop Cũ Dell Latitude E6430s Intel Core i5,Liên Hệ,,,https://laptop88.vn/laptop-cu-dell-latitude-e6430s-core-i5/p2417.html
i5 - 4200U,14 Inch HD+,Intel HD 4400,Laptop Lenovo Thinkpad T440s - Intel Core i5,Liên Hệ,4GB DDR3L,SSD 120GB,https://laptop88.vn/laptop-lenovo-thinkpad-t440s-core-i5-4300u-ram-4gb-ssd-240gb-intel-hd-graphics-4400-14.0-inch-hd.html
i5 - 4200U,14 Inch HD,Intel HD 4400,Laptop cũ HP Elitebook 840 G1 - Intel Core i5 ,Liên Hệ,4GB DDR3L,SSD 120GB,https://laptop88.vn/laptop-hp-elitebook-840-g1-core-i5-4300u-ram-4gb-hdd-320gb-intel-hd-graphics-4400-14-inch-bao-hanh-1-nam/p2375.html/p2375.html
Core i5 3210M,"15.6"" Full HD",Intel HD 4000,Laptop Cũ Dell Latitude E5530 - Intel Core i5,Liên Hệ,4GB DDR3,SSD 120GB,https://laptop88.vn/laptop-cu-dell-latitude-e5530-core-i5/p2305.html
"
i5 - 4200M
",15.6 inch HD,"
Intel HD Graphics
",Laptop cũ HP Probook 450 G1 - Intel Core i5,Liên Hệ,4GB DDR3L,SSD 128GB NVMe,https://laptop88.vn/laptop-cu-hp-probook-450-g1-core-i5-4200m-4gb-500gb-sshd-vga-2gb-amd-radeon-hd-8750m-156-inch.html
"
i5 - 3210M
","
15.6 Inch HD
",Intel HD 4000,Laptop cũ HP Probook 4540s - Intel Core i5 ,Liên Hệ,4GB DDR3,SSD 128GB,https://laptop88.vn/laptop-cu-hp-probook-4540s-core-i5-3210m-4gb-250gb-vga-intel-hd-graphics-4000-156-inch-freedos/p246.html
i7 - 6700HQ,15.6'' Full HD,Nvidia GTX 960M,Laptop Gaming cũ Dell Inspiron 7559 - Intel Core i7 ,Liên Hệ,8GB DDR3L,SSD 240GB,https://laptop88.vn/dell-inspiron-7559-core-i7-6700hq-ram-8-hdd-1tb-nvidia-geforce-gtx-960m-full-hd-156-inch.html
i5 - 8300H,"15.6"" Full HD",Intel UHD Graphics,Laptop Cũ Dell Latitude 5591 - Intel Core i5,Liên Hệ,8GB DDR4,SSD 256GB,https://laptop88.vn/laptop-cu-dell-latitude-5591-intel-core-i5.html
i7 - 5600U,14'' Full HD,Intel HD 5500,Laptop Cũ HP Elitebook 840 G2 - Intel Core i7,Liên Hệ,4GB DDR3L,SSD 128GB,https://laptop88.vn/laptop-cu-hp-elitebook-840-g2-intel-core-i7/p4467.html
i5 - 2520M,15.6 Inch HD,Intel HD 3000,Laptop Cũ Toshiba Dynabook Satellite B551 - Intel Core i5 ,Liên Hệ,4GB DDR3,SSD 128GB,https://laptop88.vn/laptop-cu-toshiba-dynabook-satellite-b551-intel-core-i5.html
i5 - 5200U,12.5 Inch HD,Intel HD 5500,Laptop Cũ Lenovo Thinkpad X250 - Intel Core i5,Liên Hệ,4GB DDR3L,SSD 120GB,https://laptop88.vn/laptop-lenovo-thinkpad-x250-intel-core-i5-5300u-ram-4gb-ssd-128gb-intel-hd-graphics-5500-12.5-inch-hd.html
i7 - 4810MQ,17.3'' Full HD,Quadro K3100M,Laptop cũ HP Zbook 17 G2 - Intel Core i7,Liên Hệ,8GB DDR3,SSD 240GB,https://laptop88.vn/laptop-cu-hp-zbook-17-g2-intel-core-i7.html
i5 - 6200U,15.6 Inch HD,Intel HD 520,Laptop Cũ HP Probook 650 G2 - Intel Core i5,Liên Hệ,8GB DDR4,SSD 256GB,https://laptop88.vn/laptop-cu-hp-probook-650-g2-intel-core-i5/p5863.html
i5 - 8250U,15.6 Inch Full HD,Intel HD 620,Laptop Cũ Dell Latitude 3500 - Intel Core i5,8.490.000 đ,8GB DDR4,SSD 256GB,https://laptop88.vn/laptop-cu-dell-latitude-3500-intel-core-i5.html
i5 - 8300H,"15.6"" Full HD",Nvidia GTX 1050Ti,Laptop Gaming Cũ Dell Inspiron G7 7588 - Intel Core i5,Liên Hệ,8GB DDR4,SSD 128GB + HDD 1TB,https://laptop88.vn/laptop-gaming-cu-dell-inspiron-g7-7588-intel-core-i5/p4827.html
i5 - 4200U,13.3 Inch HD,Intel HD 4400,Laptop Cũ Dell Latitude 3340  - Intel Core i5,Liên Hệ,4GB DDR3L,SSD 120GB,https://laptop88.vn/laptop-cu-dell-latitude-3340-intel-core-i5/p2556.html
i5 - 6200U,14 Inch HD,Intel HD 520,Laptop Cũ HP Probook 640 G2 - Intel Core i5,4.790.000 đ,8GB DDR4,SSD 256GB,https://laptop88.vn/laptop-cu-hp-probook-640-g2-intel-core-i5/p5073.html
i5 - 8350U,"14"" Full HD",Intel HD 620,Laptop Cũ Lenovo Thinkpad T480 - Intel Core i5,Liên Hệ,8GB DDR4,SSD 256GB,https://laptop88.vn/laptop-cu-lenovo-thinkpad-t480-intel-core-i5/p5182.html
Core i7-5600U,"14"" HD",Intel HD Graphics 5500,Laptop Cũ Dell Latitude E7450 - Intel Core i7,Liên Hệ,4GB / 8GB,SSD 240GB,https://laptop88.vn/laptop-cu-dell-latitude-e7450-core-i7-5600u-ram-8gb-ssd-256gb-intel-hd-graphics-5500-14-fhd-bao-hanh-1-nam/p3970.html
i5 - 5200U,12.5 Inch HD,Intel HD 5500,Laptop Cũ HP Elitebook 820 G2 - Intel Core i5,Liên Hệ,4GB DDR3L,SSD 120GB,https://laptop88.vn/laptop-cu-hp-elitebook-820-g2-intel-core-i5/p4924.html
i7 - 8750H,"15.6"" Full HD",Nvidia GTX 1050,Laptop Gaming Cũ Dell G3 3579 - Intel Core i7 ,Liên Hệ,8GB DDR4,SSD 240GB,https://laptop88.vn/laptop-dell-g3-3579-core-i7.html
i7 - 6600U,"14"" Full HD",Intel HD 520,Laptop cũ HP Elitebook 840 G3  - Intel Core i7,Liên Hệ,8GB DDR4,SSD 240GB,https://laptop88.vn/laptop-hp-elitebook-840-g3-core-i7-6600u-ram-8gb-ssd-256gb-intel-hd-52014-inch-fullhd/p4035.html
i7 - 3740QM,"15.6"" Full HD",Quadro K1000M,Laptop cũ Dell Precision M4700 - Intel Core i7,6.990.000 đ,8GB DDR3,SSD 240GB,https://laptop88.vn/laptop-cu-dell-precision-m4700-core-i7-3720qm-3820qm-3840qm-ram-8gb-hdd-500gb-vga-2gb-nvidia-quadro-K1000m-K2000m-156-inch-fullhd-bh-1-nam.html
i7 - 8650U,"14"" Full HD",Intel HD 620,Laptop Cũ Dell Latitude 7490 - Intel Core i7,Liên Hệ,8GB DDR4,SSD 240GB,https://laptop88.vn/laptop-cu-dell-latitude-e7490-intel-core-i7/p4830.html
i7 - 7700HQ,"15.6"" Full HD",Nvidia GTX 1050,Laptop Gaming cũ Dell Inspiron 5577 - Intel Core i7,Liên Hệ,8GB DDR4,SSD 240GB,https://laptop88.vn/dell-inspiron-gaming-5577-intel-i7.html
i7-8650U,14 Inch Full HD,Intel HD 620,Laptop Cũ Dell Latitude 5400 - Intel Core i7,9.290.000 đ,8GB DDR4,SSD 240GB,https://laptop88.vn/laptop-cu-dell-latitude-5400-intel-core-i7.html
"
Core i9-10885H
",15.6 inch Full HD+,"
Nvidia Quadro T1000
",Laptop Cũ Dell Precision 5550 - Intel Core i9-10885H | T1000 | 32GB | 15 inch Full HD+,29.990.000 đ,32GB DDR4,SSD 1TB NVMe,https://laptop88.vn/laptop-cu-dell-precision-5550-intel-core-i7-10750h-t1000.html
i7-1160G7,13.5 inch 2K,Iris Xe Graphics,Laptop cũ Lenovo ThinkPad X1 Titanium Yoga Gen 1 - i7 1160G7 | 16GB | 2K (kèm bút),Liên Hệ,16GB ,SSD 1TB,https://laptop88.vn/laptop-cu-lenovo-thinkpad-x1-titanium-yoga-gen-1-i7-1160g7-16gb-2k.html
i5-7440HQ,15.6'' Full HD,Intel HD 630 Graphics,Laptop Cũ Dell Precision 3520 - Intel Core i5,Liên Hệ,8GB DDR4,SSD 240GB,https://laptop88.vn/laptop-cu-dell-precision-3520-intel-core-i5.html
i5 - 1135G7,15.6'' Full HD,Intel Iris Xe Graphics,Laptop Cũ Dell Inspiron 5502 MFK29 - Intel Core i5 - 1135G7 | 15.6 Inch Full HD,12.990.000 đ,12GB DDR4,SSD 256GB NMVe,https://laptop88.vn/new-outlet-laptop-dell-inspiron-5502-mfk29-intel-core-i5-1135g7-15.6-inch-full-hd.html
"
i5 - 8560u
",14 inch Full HD,UHD 620,Laptop cũ HP Elitebook x360 1040 G5 - Intel Core i7 | 14 inch Full HD,14.990.000 đ,8GB LPDDR4,SSD 256GB ,https://laptop88.vn/laptop-cu-hp-elitebook-x360-1040-g5-intel-core-i7-14-inch-full-hd.html
"
i7 - 11850H
",17.3 Full HD,"
RTX A3000
",Laptop Cũ Dell Precision 7760 - Intel Core i7 - 11850H | RTX  A3000M | 17.3 Inch Full HD,Liên Hệ,32GB DDR4,SSD 512GB NVMe,https://laptop88.vn/moi-100-full-box-laptop-dell-precision-7760-intel-core-i7-11850h-rtx-a3000m.html
i5 - 8250u,"14"" Full HD","
Intel UHD 620
",Laptop Cũ HP Elitebook X360 1040 G6  - Intel Core i5 | 14 inch Full HD,Liên Hệ,8GB LPDDR4,SSD 256GB,https://laptop88.vn/laptop-cu-hp-elitebook-x360-1040g6-2in1-intel-core-i5.html
"
i5 - 1135G7
","17.3"" HD+",Intel® Iris Xe Graphics,Laptop Cũ HP 17-by4062cl 4R7Z3UA - Intel Core i5 - 1135G7 | 17.3 Inch HD+,Liên Hệ,8GB DDR4,SSD 256GB NVMe,https://laptop88.vn/aptop-cu-hp-17-by4062cl-4r7z3ua-intel-core-i5-1135g7-17.3-inch-hd.html
R7 - 5825U,"15.6"" Full HD",Nvidia MX550,Laptop Cũ Dell Inspiron 3525-4MP3R - AMD Ryzen 7 | MX550,Liên Hệ,16GB DDR4,SSD 512GB,https://laptop88.vn/laptop-cu-dell-inspiron-3525-4mp3r-amd-ryzen-7-mx550.html
i7 - 8750H,15.6'' Full HD,Nvidia GTX 1050,Laptop Gaming Cũ Dell Inspiron G3 3579 - Intel Core i7,Liên Hệ,8GB DDR4,SSD 256GB,https://laptop88.vn/laptop-gaming-cu-dell-inspiron-g3-3579-intel-core-i7.html
i5 - 8250U,14''  HD,Intel UHD 620,Laptop Cũ Asus X407UA - Intel Core i5 - 8250U,Liên Hệ,8GB DDR4,SSD128GB + HDD 500GB,https://laptop88.vn/laptop-cu-asus-x407ua-intel-core-i5-8250u.html
"
i5 - 7300u
","13.3"" Full HD","
 Intel HD Graphics 620
",Laptop Cũ HP Elitebook X360 1030 G2 2in1 - Intel Core i5,Liên Hệ,8GB LPDDR4,SSD 256GB ,https://laptop88.vn/laptop-cu-hp-elitebook-x360-1030g2-2in1-intel-core-i5.html
i5-1145G7,"13.3"" Full HD",Iris Xe Graphics,Laptop Cũ Dell Latitude 7320 - Intel Core i5,Liên Hệ,16GB DDR4,SSD 256GB,https://laptop88.vn/laptop-cu-dell-latitude-7320-intel-core-i5.html
i5 8250U,"15.6"" Full HD",Intel UHD Graphics,Laptop Cũ HP Probook 450 G6 - Intel Core i5-8265U |15.6 inch Full HD,Liên Hệ,8GB DDR4,SSD 256GB,https://laptop88.vn/laptop-cu-hp-probook-450-g6-intel-core-i5-8265u-15.6-inch-full-hd.html
i7 - 9850H,14 Inch Full HD,NVIDIA GeForce MX150,Laptop Cũ Dell Latitude 5401 - Intel Core i7 - 9850H | MX150 | 14 inch Full HD,Liên Hệ,8GB DDR4,SSD 256GB,https://laptop88.vn/laptop-cu-dell-latitude-5401-intel-core-i7.html
i7-1065G7,13.3'' Full HD+,Intel Iris Plus Graphics,Laptop Cũ Dell XPS 13 7390  2 in 1 - Intel Core i7-1065G7 | 13.3 Full HD+,Liên Hệ,16GB LPDDR4,SSD 512GB,https://laptop88.vn/laptop-cu-dell-xps-13-7390-2-in-1-intel-core-i7-1065g7-13.3-full-hd.html
i7 -6500U,"14"" HD",AMD Radeon R5 M335,Laptop Cũ Dell Inspiron 5459 - Intel Core i7,Liên Hệ,8GB DDR4,SSD 120GB,https://laptop88.vn/laptop-cu-dell-inspiron-5459-intel-core-i7.html
i7 -7500u,"15.6"" Full HD",AMD Radeon R5 M420,Laptop Cũ Dell Vostro 15 3568 - Intel Core i7,Liên Hệ,8GB DDR4,SSD 256GB,https://laptop88.vn/laptop-cu-dell-vostro-3568-intel-core-i7.html
i7 - 10610U,"14"" Full HD","
Intel UHD 620
",Laptop Cũ Dell Latitude 5410 - Intel Core i7-10610U | 14 inch Full HD,Liên Hệ,8GB DDR4,SSD 256GB,https://laptop88.vn/laptop-cu-dell-latitude-5410-intel-core-i7.html
i5 - 7200u,"14"" Full HD",Intel HD 620,Laptop Cũ HP Zbook 14U G5 - Intel Core i5 | 14 inch Full HD,Liên Hệ,8GB DDR4,SSD 256GB,https://laptop88.vn/laptop-cu-hp-zbook-14u-g5-intel-core-i5.html
i3-1115G4,"14"" Full HD IPS",Intel UHD Graphics,Laptop Cũ HP 14s-dr2008tu - Intel Core i3-1115G4 | 14 inch Full HD,Liên Hệ,8GB DDR4,SSD 256GB,https://laptop88.vn/laptop-cu-hp-14s-dr2008tu-intel-core-i3-1115g4-14-inch-full-hd.html
i5 - 8250U,"13.3"" Full HD",Intel UHD 620,Laptop Cũ HP Elitebook 830 G5 - Intel Core i5,Liên Hệ,8GB DDR4,SSD 256GB,https://laptop88.vn/laptop-cu-hp-elitebook-830-g5-intel-core-i5.html
i7 - 8750H,"15.6"" Full HD",Quadro P1000M,Laptop Cũ Dell Precision 7530 - Intel Core i7 / Xeon,16.990.000 đ,16GB DDR4,SSD 512GB,https://laptop88.vn/laptop-cu-dell-precision-7530-intel-core-i7.html
i7 - 8850H,"17.3"" Full HD",Quadro P3200,Laptop Workstation Cũ Dell Precision 7730 - Intel Core i7 - Quadro P3200,Liên Hệ,16GB DDR4,SSD 512GB,https://laptop88.vn/laptop-workstation-cu-dell-precision-7730-intel-core-i7-quadro-p3200/p5330.html
i7 - 6820HQ,17.3'' Full HD,Quadro M3000M,Laptop Cũ Dell Precision 7710 - Intel Core i7 / Xeon,15.990.000 đ,8GB DDR4,SSD 256GB,https://laptop88.vn/laptop-cu-dell-precision-7710-intel-core-i7.html
i7 - 6820HQ,"17.3"" Full HD",Quadro P3000M,Laptop Cũ Dell Precision 7720 - Intel Core i7 / Xeon,14.990.000 đ,8GB ,SSD 256GB,https://laptop88.vn/laptop-cu-dell-precision-7720-intel-core-i7/p5087.html
i5 - 8265u,14'' Full HD,Intel HD Graphics,Laptop Cũ Lenovo Thinkpad T480s - Intel Core i5,10.690.000 đ,8GB DDR4,SSD 256GB,https://laptop88.vn/laptop-cu-lenovo-thinkpad-t480s-intel-core-i5.html
i7 - 6820HQ,15.6'' Full HD,Quadro M620,Laptop Cũ Dell Precision 3520 - Intel Core i7 / Xeon,9.590.000 đ,16GB DDR4,SSD 240GB,https://laptop88.vn/laptop-cu-dell-precision-3520-intel-core-i7.html
i7 - 7600U,12.5 Inch HD,Intel HD 620,Laptop Dell Latitude 7280  - Intel Core i7,Liên Hệ,8GB DDR4,SSD 256GB,https://laptop88.vn/laptop-latitude-7280-core-i7.html
i7 - 6600U,14'' Full HD,Intel HD 520,Laptop Dell Latitude E7470 - Intel Core i7,6.990.000 đ,8GB DDR4,SSD 240GB,https://laptop88.vn/laptop-dell-latitude-e7470-intel-core-i7.html
Xeon E3-1505M,15.6'' Full HD,"
Quadro M1000M
",Laptop cũ Dell Precision 5510 - Intel Core i7 / Xeon,Liên Hệ,16GB DDR4,SSD 512GB,https://laptop88.vn/laptop-dell-precision-m5510/p3808.html
i5 - 8250U,13.3'' Full HD,Intel UHD 620,Laptop Cũ Dell XPS 13 9370 - Intel Core i5,Liên Hệ,16GB LPDDR3L,SSD 240GB,https://laptop88.vn/laptop-cu-dell-xps-13-9370-intel-core-i5.html
i7 - 7820HQ / Xeon,15.6 Inch Full HD,Quadro M1200,Laptop cũ Dell Precision 5520 - Intel Core i7 / Xeon E3,15.490.000 đ,16GB DDR4,SSD 512GB,https://laptop88.vn/laptop-cu-dell-precision-m5520-intel-core-i7.html
Core i9-9880H,"15.6"" Full HD",Quadro T2000,Laptop Cũ Workstation Dell Precision 5540 - Intel Core i9,24.990.000 đ,32GB DDR4,SSD 512GB,https://laptop88.vn/moi-99-no-box-laptop-workstation-dell-precision-5540-intel-core-i9/p5609.html
Core i7-9850H,"15.6"" Full HD",Quadro T1000,Laptop Workstation Cũ Dell Precision 5540 - Intel Core i7,19.990.000 đ,16GB DDR4,SSD 512GB,https://laptop88.vn/laptop-workstation-cu-dell-precision-5540-intel-core-i7/p5325.html
i7 - 8560U,"14"" Full HD","
Intel UHD 620
",Laptop Cũ Dell Latitude 7400 - Intel Core i7,9.990.000 đ,8GB / 16GB,SSD 240GB,https://laptop88.vn/laptop-cu-dell-latitude-7400-intel-core-i7.html
i7 - 6600U,12.5 Inch Full HD,Intel HD 520,Laptop cũ Dell Latitude E7270 - Intel Core i7,5.290.000 đ,8GB DDR4,SSD 256GB,https://laptop88.vn/laptop-dell-latitude-e7270-core-i7.html
i7 - 4600MQ,"
15.6'' HD
",AMD HD 8790M,Laptop cũ Dell Latitude E6540 - Intel Core i7 4600M,Liên Hệ,8GB DDR3L,SSD 256GB,https://laptop88.vn/laptop-dell-latitude-e6540-intel-core-i7-4600m.html
i5 - 6300HQ,"15.6"" Full HD",Ndivia GTX 960M,Laptop Gaming cũ Dell Inspiron 7566 - Intel Core i5,Liên Hệ,8GB DDR4,SSD 240GB,https://laptop88.vn/dell-inspiron-7566-intel-i5-6300hqram-8gb-ssd-128gbhdd-500gb-nvidia-geforce-gtx-960m-fhd-156inch.html
R5 - 3500U,15.6'' Full HD,AMD Radeon Graphics,[New Outlet] Laptop Dell Inspiron 15 3505 4MM0H - AMD Ryzen 5 - 3500U | 15.6 Inch Full HD,9.990.000 đ,8GB DDR4,SSD 256GB,https://laptop88.vn/new-outlet-laptop-dell-inspiron-15-3505-4mm0h-amd-ryzen-5-3500u-15.6-inch-full-hd.html
"
R5 - 5625U
","16"" Full HD+","
AMD Radeon Graphics
",[New Outlet] Laptop Dell Inspiron 16 5625-R1505S - AMD Ryzen 5 - 5625U | 16 Inch Full HD+,14.790.000 đ,8GB DDR4 ,SSD 512GB NVMe,https://laptop88.vn/moi-99-full-box-laptop-dell-inspiron-16-5625-r1505s-amd-ryzen-5-5625u-16-inch-full-hd.html
"
AMD R7-5825U
","14.0"" Full HD+","
AMD Radeon Vega
",Laptop Cũ Dell Inspiron 14 5425 | AMD Ryzen 7-5825U | 14 Inch Full HD+,16.490.000 đ,8GB DDR4 ,SSD 512GB NVMe,https://laptop88.vn/laptop-cu-dell-inspiron-14-5425-amd-ryzen-7-5825u-14-inch-full-hd.html
"
i7 - 11850H
","15"" Full HD+","
Quadro T1200M
",Laptop Cũ Dell Precision 5560 - Intel Core i7 - 11850H | Quadro T1200M | 15.6 Inch Full HD+,29.990.000 đ,32GB DDR4,SSD 512GB NVMe,https://laptop88.vn/moi-100-full-box-laptop-dell-precision-5560-intel-core-i7-11850h-rtx-t1200m.html
"
i7 - 8560U
","13.3"" Full HD",Intel UHD 620,Laptop Cũ Dell Latitude 7300 - Intel Core i7,9.290.000 đ,8GB DDR4,SSD 256GB,https://laptop88.vn/laptop-cu-dell-latitude-7300-intel-core-i7.html
i7 - 8560u,"15.6"" Full HD",Intel HD 620,Laptop Cũ HP Elitebook 850 G5 - Intel Core i7,Liên Hệ,8GB DDR4,SSD 256GB,https://laptop88.vn/laptop-cu-hp-elitebook-850-g5-intel-core-i7.html
i7 - 9850H,15.6'' Full HD,Nvidia Quadro T1000,Laptop Cũ Lenovo Thinkpad P53 - Intel Core i7 9850H | 16GB | Quadro T1000 ,Liên Hệ,16GB DDR4,SSD 512GB,https://laptop88.vn/laptop-cu-lenovo-thinkpad-p53-intel-core-i7.html
Microsoft® SQ1™,"13"" 2K+",Adreno™ 685 GPU,Laptop Cũ Surface Pro X 1876 13 (LTE) | CPU SQ1 | 13 inch 2K+ | Kèm Phím,Liên Hệ,8GB ,SSD 256GB,https://laptop88.vn/laptop-cu-surface-pro-x-1876-13-sq1.html
"
i5-1145G7
","14"" Full HD","
Intel Iris Xe Graphics
",Laptop Cũ Dell Latitude 7420 - Intel Core i5-1145G7 | 14 inch Full HD,13.490.000 đ,8GB DDR4,SSD 256GB NVMe,https://laptop88.vn/laptop-cu-dell-latitude-7420-intel-core-i5-1145g7-14-inch-full-hd.html
i7 - 9850H,"15.6"" Full HD",Quadro T2000M,Laptop Cũ Dell Precision 7540 - Intel Core i7,21.990.000 đ,16GB DDR4,SSD 512GB,https://laptop88.vn/laptop-cu-dell-precision-7540-intel-core-i7.html
,,,Mac Mini Late 2014 Cũ A1347 EMC 2840 - Intel Core i5 2.6GHz,6.800.000 đ,,,https://laptop88.vn/mac-mini-late-2014-cu-a1347-emc-2840-intel-core-i5-2.6ghz.html
i7 - 8650U,"14"" Full HD",Intel HD 620,Laptop Cũ Dell Latitude 5490 - Intel Core i7,Liên Hệ,8GB DDR4,SSD 240GB,https://laptop88.vn/laptop-cu-dell-latitude-e5490-intel-core-i7.html
i5 - 8250U,15.6 inch Full HD,Intel UHD Graphics,Laptop Cũ Dell Latitude 5590 - Intel Core i5,8.490.000 đ,8GB DDR4,SSD 256GB,https://laptop88.vn/laptop-cu-dell-latitude-5590-intel-core-i5/p4571.html
i7 - 7820HQ,"15.6"" Full HD",Intel HD Graphics,Laptop Cũ Dell Latitude 5580 - Intel Core i7,9.390.000 đ,8GB DDR4,SSD 256GB,https://laptop88.vn/laptop-cu-dell-latitude-5580-intel-core-i-7.html
"
i5 - 8250u
",14 inch FHD,UHD 620,Laptop cũ HP Elitebook x360 1040 G5 - Intel Core i5 | 14 inch Full HD,11.990.000 đ,8GB LPDDR4,SSD 256GB ,https://laptop88.vn/moi-100-full-box-laptop-hp-elitebook-x360-1040-g5-5xd03pa-intel-core-i5.html
i7-7500U,13.3'' Full HD,Intel HD 620,Laptop Cũ Dell XPS 13 9360 - Intel Core i7,15.990.000 đ,8GB LPDDR3,SSD 256GB,https://laptop88.vn/laptop-dell-xps-9360-intel-core-i7-7500u-ram-8gb-ssd-nvme-256gb-intel-iris-plus-graphic-640-13.3-inch-fullhd/p4133.html
i7 - 3720 QM,"17.3"" Full HD",Quadro K5000M,Laptop Cũ Dell Precision M6700 Intel Core i7,10.990.000 đ,8GB DDR3,SSD 256GB,https://laptop88.vn/laptop-cu-dell-precision-m6700.html
Xeon E3,"15.6"" Full HD",Quadro M2000M,Laptop Workstation Cũ ThinkPad P50 - Intel Xeon E3 | Nvidia M2000M - Flash Sale,Liên Hệ,8GB DDR4,SSD 240GB,https://laptop88.vn/laptop-workstation-cu-thinkpad-p50-intel-core-i7-6820hq-nvidia-m1000m-flash-sale.html
 i7 - 6820HQ,"14"" Full HD",Intel HD 530,Laptop Cũ Dell Latitude E5470 - Intel Core i7,Liên Hệ,8GB DDR4,SSD 240GB,https://laptop88.vn/laptop-cu-dell-latitude-e5470-intel-core-i7.html
i3 - 6100U,12.5 Inch HD,Intel HD 520,Laptop Cũ Lenovo K21-80 - Intel Core i3,3.990.000 đ,4GB DDR3L,SSD 120GB,https://laptop88.vn/laptop-cu-lenovo-k21-intel-core-i3.html
i5 - 6300U,14'' Full HD,Intel HD Graphics,Laptop Cũ Lenovo Thinkpad T470 - Intel Core i5,Liên Hệ,8GB DDR4,SSD 240GB,https://laptop88.vn/laptop-cu-lenovo-thinkpad-t470-intel-core-i5.html
AMD R5 - 2500U,"14"" Full HD","
AMD Radeon Vega
",Laptop Cũ HP Elitebook 745 G5 - AMD Ryzen 5,Liên Hệ,16GB DDR4,SSD 256GB,https://laptop88.vn/laptop-cu-hp-elitebook-745-g5-amd-ryzen-5.html
i7 - 6700HQ,"15.6"" Full HD",Quadro M1000M,Laptop Workstation Cũ ThinkPad P50 - Intel Core i7 / Xeon,12.990.000 đ,8GB DDR4,SSD 240GB,https://laptop88.vn/laptop-workstation-cu-thinkpad-p50-intel-core-i7.html
i5 - 6200U,14'' Full HD,Intel HD 520,Laptop Cũ Lenovo Thinkpad X1 Carbon Gen 4 - Intel Core i5,Liên Hệ,8GB DDR4,SSD 240GB,https://laptop88.vn/laptop-cu-lenovo-thinkpad-x1-carbon-gen-4-intel-core-i5.html
i5 - 8265U,"13.3"" Full HD",Intel UHD 620,Laptop Cũ Dell Latitude 7300 - Intel Core i5,8.190.000 đ,8GB DDR4,SSD 256GB,https://laptop88.vn/laptop-cu-dell-latitude-7300-intel-core-i5.html
i5-2410M,14 Inch HD,Intel HD 3000,Laptop Cũ Lenovo Thinkpad T420 - Intel Core i5,Liên Hệ,4GB DDR3,SSD 128GB,https://laptop88.vn/laptop-cu-lenovo-thinkpad-t420-intel-core-i5.html
i7 - 8850H,15.6'' Full HD,Intel UHD Graphics,Laptop Cũ Dell Latitude 5591 - Intel Core i7,10.690.000 đ,8GB or 16GB DDR4,SSD 256GB,https://laptop88.vn/laptop-cu-dell-latitude-5591-intel-core-i7.html
i5 - 5200U,14 Inch HD,Intel HD 5500,Laptop cũ Dell Latitude E5450 - Intel Core i5,4.990.000 đ,4GB DDR3,SSD 120GB,https://laptop88.vn/laptop-dell-latitude-e5450-intel-core-i5-5300uram-4gbssd-120gbintel-hd-graphics-550014-inch-hd.html
i5 - 10210U,14'' Full HD,Intel UHD Grapchis,Laptop Cũ Lenovo Thinkpad T14 Gen 1 - Intel Core i5,Liên Hệ,8GB DDR4,SSD 256GB,https://laptop88.vn/laptop-cu-lenovo-thinkpad-t14-gen-1-intel-core-i5.html
"
Intel Core i3 1115G4
","14.0"" HD","
Card Intel UHD Graphics
",Laptop Cũ Dell Vostro 3400 - Intel Core i3-1115G4,7.990.000 đ,4GB DDR4,SSD 256GB NVMe,https://laptop88.vn/moi-100-full-box-laptop-dell-vostro-3400-intel-core-i3.html
i5 - 5200U,14 Inch HD,Intel HD 5500,Laptop Cũ Dell Latitude E7450 - Intel Core i5,Liên Hệ,4GB DDR3,SSD 128GB,https://laptop88.vn/laptop-cu-dell-latitude-e7450-core-i5.html
i7 - 7700HQ,15.6'' Full HD,Quadro M1200,Laptop Workstation Cũ Lenovo Thinkpad P51 - Intel Core i7,Liên Hệ,16GB DDR4,SSD 512GB,https://laptop88.vn/laptop-workstation-cu-lenovo-thinkpad-p51-intel-core-i7.html
i5 - 7300HQ,"15.6"" Full HD",Nvidia GTX 1050,Laptop Gaming cũ Dell Inspiron 5577 - Intel Core i5,10.990.000 đ,8GB DDR4,SSD 240GB,https://laptop88.vn/dell-inspiron-gaming-5577-intel-i5-7300hqram8ssd-hdd-1tb-nvidia-geforce-gtx-1050-4gb-ddr5fhd-ips156inch.html
i5 - 6200U,12.5 Inch Full HD,Intel HD Graphics,Laptop Dell Latitude 7280  - Intel Core i5,5.690.000 đ,8GB DDR4,SSD 240GB,https://laptop88.vn/laptop-dell-latitude-7280-intel-core-i5.html
i5 - 4200U,15.6 Inch HD,Intel HD 4400,Laptop Cũ Dell Latitude E5540 - Intel Core i5,Liên Hệ,4GB DDR3L,SSD 120GB,https://laptop88.vn/laptop-dell-latitude-e5540.html
i7 - 8665U,15.6'' Full HD,Intel UHD 620,Laptop Cũ Dell Latitude 5500 - Intel Core i7,Liên Hệ,8GB DDR4,SSD 256GB,https://laptop88.vn/laptop-cu-dell-latitude-5500-intel-core-i7.html
i3 - 4005U,15.6 Inch HD,Intel HD 4400,Laptop Cũ Dell Latitude E5540 - Intel Core i3,Liên Hệ,4GB DDR3,SSD 120GB,https://laptop88.vn/laptop-cu-dell-latitude-e5540-intel-core-i3/p5724.html
i5 - 4200M,14 Inch HD,Intel HD 620,Laptop Cũ Dell Latitude E6440 - Intel Core i5 ,3.990.000 đ,4GB DDR3,SSD 120GB,https://laptop88.vn/dell-latitude-e6440-core-i5.html
i5 - 3320M,14 Inch HD,Intel HD 4000,Laptop Cũ Dell Latitude E6430 - Intel Core i5,Liên Hệ,4GB DDR3,SSD 120GB,https://laptop88.vn/laptop-cu-dell-e6430-core-i5-3320m/p2372.html
i5 - 5200U,15.6 Inch HD,Intel HD 5500,Laptop cũ Dell Latitude E5550 - Intel Core i5,5.490.000 đ,4GB DDR3,SSD 120GB,https://laptop88.vn/laptop-dell-latitude-e5550-intel-core-i5-5300u-ram-4gb-ssd-120gb-intel-hd-graphics-5500-15.6-inch-hd/p3992.html
,,,Laptop HP Probook 450 G5 - Intel Core i5-7200U | 15.6 inch Full HD,Liên Hệ,,,https://laptop88.vn/laptop-hp-probook-450-g5-intel-core-i5-8250uram-4gbssd-256gbintel-uhd-graphics-62015.6-inch-fullhdkeyled-bao-hanh-hang-82019/p3955.html
i5 - 4200M,15.6 Inch Full HD,Intel HD 4600,Laptop cũ Dell Latitude E6540 - Intel Core i5,Liên Hệ,4GB DDR3L,SSD 120GB,https://laptop88.vn/laptop-dell-latitude-e6540-core-i5.html
i5 - 6200U,12.5 Inch HD,Intel HD 520,Laptop Cũ HP Elitebook 820 G3 - Intel Core i5,Liên Hệ,8GB DDR4,SSD 240GB,https://laptop88.vn/laptop-cu-hp-elitebook-820-g3-intel-core-i5/p4823.html
i7 - 6820HQ,15.6'' HD,AMD R7 M370,Laptop Dell Latitude E5570 - Intel Core i7,Liên Hệ,8GB DDR4,SSD 240GB,https://laptop88.vn/laptop-dell-latitude-e5570-intel-core-i7.html
i5 - 6200U,15.6'' Full HD,Intel HD 520,Laptop Dell Latitude E5570 - Intel Core i5,6.290.000 đ,8GB DDR4,SSD 240GB,https://laptop88.vn/laptop-dell-latitude-e5570-intel-core-i5.html
M7 - 6Y57,13.3'' Full HD,Intel HD 515,Laptop Cũ Dell Latitude 7370 - Intel Core M7,Liên Hệ,8GB LPDDR3,SSD 240GB,https://laptop88.vn/laptop-cu-dell-latitude-7370-intel-core-m7.html
i5 - 3210M,14 Inch HD,Intel HD 4000,Laptop cũ Dell Latitude E5430 - Intel Core i5,Liên Hệ,4GB DDR3,SSD 120GB,https://laptop88.vn/laptop-cu-dell-latitude-e5430-intel-core-i5/p2424.html
i5 - 7200U,14 Inch HD,Intel HD 620,Laptop Cũ HP Probook 640 G3 - Intel Core i5,5.990.000 đ,8GB DDR4,SSD 256GB,https://laptop88.vn/laptop-cu-hp-probook-640-g3-intel-core-i5.html
,,,Laptop Cũ Lenovo Thinkpad L540 - Intel Core i5,Liên Hệ,,,https://laptop88.vn/laptop-lenovo-thinkpad-l540-core-i5.html
i5 - 4200U,12.5 Inch HD,Intel HD 4400,Laptop cũ HP Elitebook 820 G1 - Intel Core i5,Liên Hệ,4GB DDR3L,SSD 128GB,https://laptop88.vn/HP-Elitebook-820-G1-i5.html
i5 - 4200U,14 Inch HD,Intel HD 4400,Laptop cũ Dell Latitude E7440 - Intel Core i5,Liên Hệ,4GB DDR3,SSD 120GB,https://laptop88.vn/laptop-cu-dell-e7440-core-i5-4300u-ram-4gb-ssd-120gb-intel-hd-graphics-4400-14-hd-bao-hanh-1-nam.html
i7 - 4600U,14 Inch HD,Intel HD 4400,Laptop cũ Dell Latitude E7440 - Intel Core i7 ,Liên Hệ,4GB / 8GB,SSD 120GB,https://laptop88.vn/laptop-cu-dell-latitude-e7440-core-i7-4600u-ram-4gb-ssd-128gb-intel-hd-graphics-4400-14-hd-bao-hanh-1-nam.html
i5 - 7200U,12.5 Inch HD,Intel HD Graphics,Laptop Cũ HP Elitebook 820 G4 - Intel Core i5,Liên Hệ,8GB DDR4,SSD 256GB,https://laptop88.vn/laptop-cu-hp-elitebook-820-g4-intel-core-i5.html
i5 - 6300U,14 Inch 2K,Intel HD 520,Laptop Cũ Thinkpad X1 Yoga Gen 1 - Intel Core i5,Liên Hệ,8GB LDDR3,SSD 256GB,https://laptop88.vn/laptop-thinkpad-x1-yoga-gen-1-i5-6300u.html
Core i5-4200U,"15.6"" Full HD",Intel HD Graphics 4400,Laptop Cũ Dell Latitude E3540 - Intel Core i5,Liên Hệ,4GB DDR3L,SSD 120GB,https://laptop88.vn/laptop-cu-dell-latitude-3540-core-i5.html
,,,Laptop Cũ HP Probook 645 G2 - AMD A8,Liên Hệ,,,https://laptop88.vn/laptop-cu-hp-probook-645-g2-amd-a8.html
i5 - 8250U,12.5 Inch HD,Intel HD 620,Laptop Cũ Dell Latitude 7290 - Intel Core i5,Liên Hệ,8GB DDR4,SSD 240GB,https://laptop88.vn/laptop-cu-dell-latitude-7290-intel-core-i5.html
i5 - 6200U,15.6 Inch HD,Intel HD Graphics,Laptop Cũ Lenovo Thinkpad L560 - Intel Core i5,Liên Hệ,8GB DDR3,SSD 256GB,https://laptop88.vn/laptop-cu-lenovo-thinkpad-l560-intel-core-i5.html
i5 - 6200U,13.3'' Full HD,Intel HD 520,Laptop cũ Dell XPS 13 9350 - Intel Core i5,8.690.000 đ,8GB LPDDR3,SSD 256GB,https://laptop88.vn/laptop-dell-xps-9350-intel-core-i5.html
i7 - 5600U,12.5 Inch HD,Intel HD 5500,Laptop Cũ Dell Latitude E7250 - Intel Core i7,Liên Hệ,4GB DDR3L,SSD 120GB,https://laptop88.vn/laptop-dell-latitude-e7250-i7/p3960.html
i7 - 5600U,14 Inch HD+,Intel HD 5500,Laptop Cũ Lenovo Thinkpad T450s -  Intel Core i7,Liên Hệ,8GB DDR3L,SSD 240GB,https://laptop88.vn/laptop-lenovo-thinkpad-t450s-core-i7-i7-5600u-processor-ram-8gb-ssd-256gb-intel-hd-graphics-5500m-14-inch-bao-hanh-1-nam.html
R5 - 5500U,"14"" Full HD",Radeon Graphics,Laptop Cũ Asus Zenbook Q408UG - AMD Ryzen 5-5500U | 14 inch Full HD,11.990.000 đ,8GB DDR4,SSD 256GB,https://laptop88.vn/laptop-cu-asus-zenbook-q408ug-amd-ryzen-5-5500u-14-inch-full-hd.html
i3 5005u,"14"" Full HD",Intel HD 5500,Laptop Cũ Dell Latitude 3460 - Intel Core i3 | 14 inch Full HD,Liên Hệ,4GB | 8GB DDR3L,SSD 128GB,https://laptop88.vn/laptop-cu-dell-latitude-3460-intel-core-i3-14-inch-full-hd.html
i5-1035G1,"13.3"" Full HD ",Intel UHD Graphics,Laptop Cũ HP Pavilion 13-an1052tu - Intel Core i5 1035G1 | 13.3 inch Full HD,Liên Hệ,8GB DDR4,SSD 256GB,https://laptop88.vn/laptop-cu-hp-pavilion-13-an1052tu-intel-core-i5-1035g1-13.3-inch-full-hd.html
i3 - 4005u,"13.3"" HD","
Intel HD 4400
",Laptop Cũ HP Probook 430 G1 - Intel Core i3,Liên Hệ,4GB LPDDR3,SSD 128GB,https://laptop88.vn/laptop-cu-hp-probook-430-g1-intel-core-i3.html
i5 - 1035G1,13.3'' Full HD,Intel UHD Graphics,Laptop Cũ HP Pavilion X360 2 in 1 - Intel Core i5,Liên Hệ,8GB DDR4,SSD 256GB,https://laptop88.vn/laptop-cu-hp-pavilion-x360-2-in-1-intel-core-i5.html
"
Chip M1 10 Core
","
16 Inch Retina 4K
","
Card 32-core GPU
",Macbook Pro 16 - M1 Max 10 Core CPU 32 GPU | RAM 32GB  | SSD 1TB | 16 inch 4K 2021 Cũ,Liên Hệ,32GB,SSD 1TB,https://laptop88.vn/macbook-pro-16-m1-max-10-cpu-32-gpu-ram-32gb-ssd-1tb-16-inch-4k-2021-cu.html
i7 - 10810U,"13.3"" Full HD",Intel UHD 620,Laptop Cũ HP Elitebook X360 830 G7 2 in 1 - Intel Core i7 10810U | 13.3 Inch Full HD,Liên Hệ,8GB DDR4,SSD 256GB,https://laptop88.vn/laptop-cu-hp-elitebook-x360-830-g7-2-in-1-intel-core-i7-10810u-13.3-inch-full-hd.html
i7 - 10610U,15.6 inch Full HD,Intel UHD Graphics,Laptop Cũ HP Elitebook 850 G7 - Intel Core i7-10610U | 16GB RAM | 15.6 Inch Full HD,Liên Hệ,16GB DDR4,SSD 512GB,https://laptop88.vn/laptop-cu-hp-elitebook-850-g7-intel-core-i7-10610u-16gb-ram-15.6-inch-full-hd.html
i5-9400H,"15.6"" Full HD",UHD Graphics,Laptop Cũ Dell Latitude 5501 - Intel Core i5 | 15.6 inch Full HD,Liên Hệ,8GB DDR4,SSD 256GB,https://laptop88.vn/laptop-cu-dell-latitude-5501-intel-core-i5-9300h-15.6-inch-full-hd.html
i5 - 9400H,14 Inch Full HD,UHD Graphics 630,Laptop Cũ Dell Latitude 5401 - Intel Core i5-9400H | 14 inch Full HD,Liên Hệ,8GB DDR4,SSD 256GB,https://laptop88.vn/laptop-cu-dell-latitude-5401-intel-core-i5-9400h-14-inch-full-hd.html
"
AMD R5-5500U
","15.6"" Full HD","
AMD Radeon Graphics
",Laptop Cũ Dell Vostro 15 5515 R1505A - AMD Ryzen 5-5500U | 15.6 Inch Full HD,Liên Hệ,8GB DDR4,SSD 256GB NVMe,https://laptop88.vn/laptop-cu-dell-vostro-15-5515-r1505a-amd-ryzen-5.html
AMD R7 - 2700U,"14"" Full HD","
AMD Radeon Vega
",Laptop Cũ HP Elitebook 745 G5 - AMD Ryzen 7,Liên Hệ,16GB DDR4,SSD 256GB,https://laptop88.vn/laptop-cu-hp-elitebook-745-g5-amd-ryzen-7.html
Intel Core i7-8850H,"15.6"" Full HD",Quadro P2000 ,Laptop Cũ Workstation HP Zbook 15 G5 - Intel Core i7-8850H | Quadro P2000,Liên Hệ,16GB DDR4,SSD 512GB,https://laptop88.vn/laptop-cu-workstation-hp-zbook-15-g5-intel-core-i7-8850h-quadro-p1000.html
i7 - 8560U,"14"" Full HD",Intel UD 620,Laptop Cũ Lenovo Thinkpad T490 - Intel Core i7 ,Liên Hệ,16GB DDR4,SSD 256GB,https://laptop88.vn/laptop-cu-lenovo-thinkpad-t490-intel-core-i7.html
i7 - 7820HQ,"15.6"" Full HD",Intel HD 630,Laptop Cũ HP Probook 650 G3 - Intel Core i7 7820HQ | 15.6 Inch Full HD,Liên Hệ,8GB DDR4,SSD 240GB,https://laptop88.vn/laptop-cu-hp-probook-650-g3-intel-core-i7-7820hq-15.6-inch-full-hd.html
i5 - 8250U,"15.6"" Full HD",Intel HD 620,Laptop Cũ Lenovo Thinkpad T580 - Intel Core i5 8250U | 15.6 Inch Full HD,Liên Hệ,8GB DDR4,SSD 240GB,https://laptop88.vn/moi-100-full-box-laptop-lenovo-thinkpad-t580-intel-core-i5-8250u-15.6-inch-full-hd.html
i5 - 8250U,"15.6"" Full HD",Intel UHD 620,Laptop Cũ Lenovo Thinkpad L580 - Intel Core i5 ,Liên Hệ,8GB DDR4,SSD 256GB,https://laptop88.vn/laptop-cu-lenovo-thinkpad-l580-intel-core-i5.html
i9 - 12900HK,"15.6"" 3.5K",Nvidia RTX 3050Ti,Laptop Dell XPS 15 9520 (2022) - Intel Core i9-12900HK | RAM 32GB | Nvidia RTX 3050Ti | 15.6 Inch 3.5K,Liên Hệ,32GB DDR4,SSD 1TB NVMe,https://laptop88.vn/laptop-dell-xps-15-9520-2022-intel-core-i9-12900hk-ram-32gb-nvidia-rtx-3050ti-15.6-inch-3.5k.html
R5 -3500U,"14"" Full HD",AMD Vega 8,Laptop Cũ Lenovo E41-55 - AMD Ryzen 5-3500U | 14 Inch Full HD,Liên Hệ,8GB DDR4,SSD 256GB,https://laptop88.vn/laptop-cu-lenovo-e41-55-amd-ryzen-5-3500u-14-inch-full-hd.html
i5 - 6200U,15.6 Inch HD,Intel HD 520,Laptop Cũ HP Elitebook 850 G3 - Intel Core i5,Liên Hệ,8GB DDR4,SSD 256GB,https://laptop88.vn/laptop-cu-hp-elitebook-850-g3-intel-core-i5.html
i5 - 7440HQ,"14"" Full HD",Intel HD 620,Laptop cũ Lenovo Thinkpad T470p - Intel Core i5,Liên Hệ,8GB DDR4,SSD 256GB,https://laptop88.vn/laptop-cu-lenovo-thinkpad-t470p-intel-core-i5-1.html
i7 - 9850H,"15.6"" 4K",Intel UHD 630,Laptop Cũ Lenovo Thinkpad P1 Gen 2 - Intel Core i7 9850H,Liên Hệ,16GB DDR4,SSD 512GB,https://laptop88.vn/laptop-cu-lenovo-thinkpad-p1-gen-2-intel-core-i7-9850h.html
i9 - 9880H,15.6 Inch 4K,Nvidia RTX 4000,Laptop Cũ Lenovo Thinkpad P53  - Intel Core i9-9880H | RTX 4000,Liên Hệ,32GB DDR4,SSD 1TB,https://laptop88.vn/laptop-cu-lenovo-thinkpad-p53-intel-core-i9-9880h-rtx-4000.html
i5 - 10310U,"14"" Full HD",Intel HD 620,Laptop Cũ Lenovo Thinkpad X1 Carbon Gen 8 - Intel Core i5,Liên Hệ,8GB DDR3,SSD 256GB,https://laptop88.vn/laptop-cu-lenovo-thinkpad-x1-carbon-gen-8-intel-core-i5.html
i7 - 8750H,"15.6"" Full HD",Nvidia GTX 1050Ti,Laptop Dell XPS 15 9570 - Intel Core i7 - 8750H | GTX 1050Ti,17.490.000 đ,16GB DDR4,SSD 1TB,https://laptop88.vn/laptop-dell-xps-15-9570-intel-core-i7-8750h.html
i5 - 8250U,"15.6"" Full HD",Intel HD 620,Laptop Cũ HP Elitebook 850 G5 - Intel Core i5,Liên Hệ,8GB DDR4,SSD 256GB,https://laptop88.vn/laptop-cu-hp-elitebook-850-g5-intel-core-i5.html
i7 - 10850H,"15.6"" Full HD",Quadro T1000M,Laptop Cũ Dell Precision 7550 - Intel Core i7 10850H | Quadro T1000M,Liên Hệ,16GB DDR4,SSD 256GB,https://laptop88.vn/laptop-cu-dell-precision-7550-intel-core-i7-10850h-quadro-t1000m.html
i5 - 6200U,"15.6"" Full HD",Intel HD 520,Laptop Cũ Lenovo Thinkpad T570 - Intel Core i5,Liên Hệ,8GB DDR4,SSD 256GB,https://laptop88.vn/laptop-cu-lenovo-thinkpad-t570-intel-core-i5.html
i5 - 10310U,"15.6"" Full HD",Intel UHD 620,Laptop Cũ Dell Latitude 5510 - Intel Core i5,Liên Hệ,8GB DDR4,SSD 256GB,https://laptop88.vn/laptop-cu-dell-latitude-5510-intel-core-i5.html
i5 - 8350U,"15.6"" Full HD",Intel UHD 620,Laptop Cũ Dell Latitude 5500 - Intel Core i5,9.290.000 đ,8GB DDR4,SSD 256GB,https://laptop88.vn/laptop-cu-dell-latitude-5500-intel-core-i5.html
i5 - 10310U,"13.3"" Full HD",Intel UHD Graphics,Laptop Cũ Dell Latitude 7310 - Intel Core i5,Liên Hệ,16GB DDR4,SSD 256GB,https://laptop88.vn/laptop-cu-dell-latitude-7310-intel-core-i5.html
i3 - 4005U,12.5 Inch HD,Intel HD 4400,Laptop Cũ Dell Latitude E7240 - Intel Core i3,Liên Hệ,4GB DDR3L,SSD 128GB,https://laptop88.vn/laptop-cu-dell-latitude-e7240-intel-core-i3.html
AMD A8 - 8600B,12.5 Inch HD,AMD Vega Radeon,Laptop Cũ HP Elitebook 725 G3 - AMD A8,Liên Hệ,4GB DDR3,SSD 128GB,https://laptop88.vn/laptop-cu-hp-elitebook-725-g3-amd-a8.html
i5 - 10210U,"14"" Full HD",Intel UHD 620,Laptop Cũ Dell Latitude 3410 - Intel Core i5,9.990.000 đ,8GB DDR4,SSD 256GB,https://laptop88.vn/laptop-cu-dell-latitude-3410-intel-core-i5.html
i7 - 7600U,"14"" Full HD",Intel UHD 520,Laptop Cũ Lenovo Thinkpad T470s - Intel Core i7,Liên Hệ,8GB DDR4,SSD 256GB,https://laptop88.vn/laptop-cu-lenovo-thinkpad-t470s-intel-core-i7.html
i9 - 9880H,"15.6"" Full HD",Quadro T1000,Laptop Cũ Dell Precision 7540 - Intel Core i9,Liên Hệ,16GB DDR4,SSD 512GB,https://laptop88.vn/laptop-cu-dell-precision-7540-intel-core-i9.html
i7 - 6600U,14 Inch HD,Intel HD 520,Laptop Cũ HP Probook 640 G2 - Intel Core i7,5.290.000 đ,8GB DDR4,SSD 128GB,https://laptop88.vn/laptop-cu-hp-probook-640-g2-intel-core-i7.html
i7 - 1185G7,"14"" Full HD, sRGB",Intel Xe Graphics,Laptop Cũ Lenovo Yoga 9 14ITL5 - Intel Core i7 | Gold,Liên Hệ,8GB DDR4L,SSD 512GB,https://laptop88.vn/laptop-cu-lenovo-yoga-9-14itl5-intel-core-i7-gold.html
i9 - 8950HK,"15.6"" Full HD",Quadro P2000M,Laptop Cũ Dell Precision 7530 - Intel Core i9,Liên Hệ,16GB DDR4,SSD 512GB,https://laptop88.vn/laptop-dell-precision-7530-intel-core-i9.html
i7 - 10750H,"15.6"" Full HD",Quadro P620,Laptop Cũ Dell Precision 3551 - Intel Core i7,Liên Hệ,16GB DDR4,SSD 256GB,https://laptop88.vn/laptop-cu-dell-precision-3551-intel-core-i7.html
